quarter,clinic_id,clinic_name,clinic_waiting_total,clinic_treated_total,clinic_capacity,treatment_rate,quarters_to_treat,months_to_treat,catchment,catchment_waiting_total,catchment_treated_total,mean_capacity_pct,mean_treatment_rate,clinics_pct_of_catchment,catchment_pct_of_qld,region,region_pct_of_qld,clinic_pct_of_qld
2023-04-01,24,INNISFAIL DENTAL CLINIC,800,147,15.500,0.184,5,16,Cairns and Hinterland,8487,1340,13.636,0.158,0.094,0.0713,North,0.1594,0.0069
2023-04-01,25,MAREEBA DENTAL CLINIC,1153,118,9.300,0.102,10,29,Cairns and Hinterland,8487,1340,13.636,0.158,0.136,0.0713,North,0.1594,0.0093
2023-04-01,26,CAIRNS NTH DENTAL CLINIC,2457,391,13.700,0.159,6,19,Cairns and Hinterland,8487,1340,13.636,0.158,0.290,0.0713,North,0.1594,0.0209
2023-04-01,27,SMITHFIELD DENTAL CLINIC,787,138,14.900,0.175,6,17,Cairns and Hinterland,8487,1340,13.636,0.158,0.093,0.0713,North,0.1594,0.0068
2023-04-01,107,CAPE YORK DENTAL CLINIC,394,46,10.500,0.117,9,26,Torres and Cape,940,131,12.232,0.139,0.419,0.0079,North,0.1594,0.0032
2023-04-01,150,TORRES STRAIT DENTAL CLINIC,546,85,13.500,0.156,6,19,Torres and Cape,940,131,12.232,0.139,0.581,0.0079,North,0.1594,0.0046
2023-04-01,28,TULLY DENTAL CLINIC,467,135,22.400,0.289,3,10,Cairns and Hinterland,8487,1340,13.636,0.158,0.055,0.0713,North,0.1594,0.0044
2023-04-01,17,INGHAM DENTAL CLINIC,315,17,5.100,0.054,19,56,Townsville,2977,305,9.293,0.102,0.106,0.0250,North,0.1594,0.0024
2023-04-01,20,TOWNSVILLE DENTAL CLINIC,2265,247,9.800,0.109,9,28,Townsville,2977,305,9.293,0.102,0.761,0.0250,North,0.1594,0.0184
2023-04-01,19,CHARTERS TOWERS DENTAL CL,166,30,15.300,0.181,6,17,Townsville,2977,305,9.293,0.102,0.056,0.0250,North,0.1594,0.0014
2023-04-01,130,RICHMOND DENTAL CLINIC,5,0,0.000,0.000,NULL,NULL,Townsville,2977,305,9.293,0.102,0.002,0.0250,North,0.1594,0.0000
2023-04-01,81,HUGHENDEN DENTAL CLINIC,20,0,0.000,0.000,NULL,NULL,Townsville,2977,305,9.293,0.102,0.007,0.0250,North,0.1594,0.0001
2023-04-01,30,EDMONTON DENTAL CLINIC,1513,216,12.500,0.143,7,21,Cairns and Hinterland,8487,1340,13.636,0.158,0.178,0.0713,North,0.1594,0.0127
2023-04-01,135,YARRABAH DENTAL CLINIC,3,13,81.300,4.333,0,1,Cairns and Hinterland,8487,1340,13.636,0.158,0.000,0.0713,North,0.1594,0.0001
2023-04-01,23,ATHERTON DENTAL CLINIC,830,100,10.800,0.120,8,25,Cairns and Hinterland,8487,1340,13.636,0.158,0.098,0.0713,North,0.1594,0.0068
2023-04-01,21,MOSSMAN DENTAL CLINIC,476,77,13.900,0.162,6,19,Cairns and Hinterland,8487,1340,13.636,0.158,0.056,0.0713,North,0.1594,0.0041
2023-04-01,136,GEORGETOWN DENTAL CLINIC,1,2,66.700,2.000,1,2,Cairns and Hinterland,8487,1340,13.636,0.158,0.000,0.0713,North,0.1594,0.0000
2023-04-01,121,COLLINSVILLE DENTAL CLINI,37,7,15.900,0.189,5,16,Mackay,6576,1059,13.870,0.161,0.006,0.0552,North,0.1594,0.0003
2023-04-01,39,MACKAY DENTAL CLINIC,4936,457,8.500,0.093,11,32,Mackay,6576,1059,13.870,0.161,0.751,0.0552,North,0.1594,0.0396
2023-04-01,38,PROSERPINE DENTAL,796,310,28.000,0.389,3,8,Mackay,6576,1059,13.870,0.161,0.121,0.0552,North,0.1594,0.0081
2023-04-01,13,BOWEN DENTAL CLINIC,783,234,23.000,0.299,3,10,Mackay,6576,1059,13.870,0.161,0.119,0.0552,North,0.1594,0.0075
2023-04-01,120,CLERMONT DENTAL CLINIC,24,51,68.000,2.125,0,1,Mackay,6576,1059,13.870,0.161,0.004,0.0552,North,0.1594,0.0006
2023-04-01,7,CABOOLTURE DENTAL CLINIC,3201,48,1.500,0.015,67,200,Metro North,12629,4473,26.155,0.354,0.253,0.1060,South East,0.6106,0.0238
2023-04-01,44,HERVEY BAY DENTAL CLINIC,4194,240,5.400,0.057,18,53,Wide Bay,10909,726,6.240,0.067,0.384,0.0916,South East,0.6106,0.0325
2023-04-01,10,ROBINA DENTAL CLINIC,977,210,17.700,0.215,5,14,Gold Coast,9858,1155,10.488,0.117,0.099,0.0828,South East,0.6106,0.0087
2023-04-01,142,GCUH DENTAL CLINIC,54,4,6.900,0.074,14,41,Gold Coast,9858,1155,10.488,0.117,0.005,0.0828,South East,0.6106,0.0004
2023-04-01,144,GC SOUTHPORT HEALTH PREC,7958,791,9.000,0.099,10,30,Gold Coast,9858,1155,10.488,0.117,0.807,0.0828,South East,0.6106,0.0642
2023-04-01,48,MUNDUBBERA DENTAL CLINIC,122,17,12.200,0.139,7,22,Wide Bay,10909,726,6.240,0.067,0.011,0.0916,South East,0.6106,0.0010
2023-04-01,47,MARYBOROUGH DENTAL CLINIC,2227,223,9.100,0.100,10,30,Wide Bay,10909,726,6.240,0.067,0.204,0.0916,South East,0.6106,0.0180
2023-04-01,35,BILOELA DENTAL CLINIC,235,80,25.400,0.340,3,9,Central Queensland,8368,1401,14.341,0.167,0.028,0.0703,Central,0.0837,0.0023
2023-04-01,33,GLADSTONE DENTAL CLINIC,2012,230,10.300,0.114,9,26,Central Queensland,8368,1401,14.341,0.167,0.240,0.0703,Central,0.0837,0.0164
2023-04-01,32,ROCKHAMPTON DENTAL CLINIC,3892,736,15.900,0.189,5,16,Central Queensland,8368,1401,14.341,0.167,0.465,0.0703,Central,0.0837,0.0339
2023-04-01,118,MT MORGAN DENTAL CLINIC,197,29,12.800,0.147,7,20,Central Queensland,8368,1401,14.341,0.167,0.024,0.0703,Central,0.0837,0.0017
2023-04-01,18,CLONCURRY DENTAL,132,2,1.500,0.015,67,200,North West,709,30,4.060,0.042,0.186,0.0060,Central,0.0837,0.0010
2023-04-01,16,MT ISA DENTAL CLINIC,440,26,5.600,0.059,17,51,North West,709,30,4.060,0.042,0.621,0.0060,Central,0.0837,0.0034
2023-04-01,15,MORNINGTON ISLAND DENTAL,137,2,1.400,0.015,67,200,North West,709,30,4.060,0.042,0.193,0.0060,Central,0.0837,0.0010
2023-04-01,42,CENTRAL WEST DENTAL CLINICS,893,118,11.700,0.132,8,23,Central West,893,118,11.672,0.132,1.000,0.0075,Central,0.0837,0.0074
2023-04-01,37,CAPRICORN COAST DENTAL,1555,233,13.000,0.150,7,20,Central Queensland,8368,1401,14.341,0.167,0.186,0.0703,Central,0.0837,0.0131
2023-04-01,54,TOOWOOMBA DENTAL CLINIC,4038,354,8.100,0.088,11,34,Darling Downs,9308,1073,10.336,0.115,0.434,0.0782,South West,0.1463,0.0322
2023-04-01,86,COLLINGWOOD PARK DENTAL C,1207,47,3.700,0.039,26,77,West Moreton,7276,386,5.038,0.053,0.166,0.0611,South West,0.1463,0.0092
2023-04-01,84,BOONAH DENTAL CLINIC,334,13,3.700,0.039,26,77,West Moreton,7276,386,5.038,0.053,0.046,0.0611,South West,0.1463,0.0025
2023-04-01,85,LAIDLEY DENTAL CLINIC,1196,85,6.600,0.071,14,42,West Moreton,7276,386,5.038,0.053,0.164,0.0611,South West,0.1463,0.0094
2023-04-01,60,DALBY DENTAL CLINIC,953,115,10.800,0.121,8,25,Darling Downs,9308,1073,10.336,0.115,0.102,0.0782,South West,0.1463,0.0078
2023-04-01,83,ESK DENTAL CLINIC,289,21,6.800,0.073,14,41,West Moreton,7276,386,5.038,0.053,0.040,0.0611,South West,0.1463,0.0023
2023-04-01,36,EMERALD DENTAL CLINIC,477,93,16.300,0.195,5,15,Central Queensland,8368,1401,14.341,0.167,0.057,0.0703,Central,0.0837,0.0042
2023-04-01,128,QUILPIE DENTAL CLINIC,31,2,6.100,0.065,15,46,South West,835,356,29.891,0.426,0.037,0.0070,South West,0.1463,0.0002
2023-04-01,160,ST GEORGE DENTAL CLINIC,38,16,29.600,0.421,2,7,South West,835,356,29.891,0.426,0.046,0.0070,South West,0.1463,0.0004
2023-04-01,62,CHARLEVILLE DENTAL CLINIC,199,54,21.300,0.271,4,11,South West,835,356,29.891,0.426,0.238,0.0070,South West,0.1463,0.0019
2023-04-01,63,CUNNAMULLA DENTAL CLINIC,32,27,45.800,0.844,1,4,South West,835,356,29.891,0.426,0.038,0.0070,South West,0.1463,0.0004
2023-04-01,64,THARGOMINDAH DENTAL SERVI,3,0,0.000,0.000,NULL,NULL,South West,835,356,29.891,0.426,0.004,0.0070,South West,0.1463,0.0000
2023-04-01,65,ROMA HOSPITAL DENTAL CLIN,403,207,33.900,0.514,2,6,South West,835,356,29.891,0.426,0.483,0.0070,South West,0.1463,0.0045
2023-04-01,122,AUGATHELLA DENTAL CLINIC,1,0,0.000,0.000,NULL,NULL,South West,835,356,29.891,0.426,0.001,0.0070,South West,0.1463,0.0000
2023-04-01,123,DIRRANBANDI DENTAL CLINIC,14,2,12.500,0.143,7,21,South West,835,356,29.891,0.426,0.017,0.0070,South West,0.1463,0.0001
2023-04-01,125,MITCHELL DENTAL CLINIC,75,22,22.700,0.293,3,10,South West,835,356,29.891,0.426,0.090,0.0070,South West,0.1463,0.0007
2023-04-01,129,SURAT DENTAL CLINIC,9,14,60.900,1.556,1,2,South West,835,356,29.891,0.426,0.011,0.0070,South West,0.1463,0.0002
2023-04-01,127,MUNGINDI DENTAL CLINIC,10,5,33.300,0.500,2,6,South West,835,356,29.891,0.426,0.012,0.0070,South West,0.1463,0.0001
2023-04-01,124,INJUNE DENTAL CLINIC,20,7,25.900,0.350,3,9,South West,835,356,29.891,0.426,0.024,0.0070,South West,0.1463,0.0002
2023-04-01,58,WARWICK DENTAL CLINIC,671,55,7.600,0.082,12,37,Darling Downs,9308,1073,10.336,0.115,0.072,0.0782,South West,0.1463,0.0053
2023-04-01,57,STANTHORPE DENTAL CLINIC,728,81,10.000,0.111,9,27,Darling Downs,9308,1073,10.336,0.115,0.078,0.0782,South West,0.1463,0.0059
2023-04-01,53,MILES DENTAL CLINIC,371,71,16.100,0.191,5,16,Darling Downs,9308,1073,10.336,0.115,0.040,0.0782,South West,0.1463,0.0032
2023-04-01,87,IPSWICH DENTAL CLINIC,4250,220,4.900,0.052,19,58,West Moreton,7276,386,5.038,0.053,0.584,0.0611,South West,0.1463,0.0328
2023-04-01,55,GOONDIWINDI DENTAL CLINIC,178,26,12.700,0.146,7,21,Darling Downs,9308,1073,10.336,0.115,0.019,0.0782,South West,0.1463,0.0015
2023-04-01,56,INGLEWOOD DENTAL CLINIC,93,76,45.000,0.817,1,4,Darling Downs,9308,1073,10.336,0.115,0.010,0.0782,South West,0.1463,0.0012
2023-04-01,45,KINGAROY DENTAL CLINIC,2276,295,11.500,0.130,8,23,Darling Downs,9308,1073,10.336,0.115,0.245,0.0782,South West,0.1463,0.0189
2023-04-01,94,SANDGATE DENTAL CLINIC,971,22,2.200,0.023,43,130,Metro North,12629,4473,26.155,0.354,0.077,0.1060,South East,0.6106,0.0073
2023-04-01,50,MONTO DENTAL CLINIC,70,8,10.300,0.114,9,26,Wide Bay,10909,726,6.240,0.067,0.006,0.0916,South East,0.6106,0.0006
2023-04-01,51,BUNDABERG DENTAL CLINIC,3740,147,3.800,0.039,26,77,Wide Bay,10909,726,6.240,0.067,0.343,0.0916,South East,0.6106,0.0285
2023-04-01,131,CHILDERS DENTAL CLINIC,225,20,8.200,0.089,11,34,Wide Bay,10909,726,6.240,0.067,0.021,0.0916,South East,0.6106,0.0018
2023-04-01,8,PALM BEACH DENTAL CLINIC,869,150,14.700,0.173,6,17,Gold Coast,9858,1155,10.488,0.117,0.088,0.0828,South East,0.6106,0.0075
2023-04-01,155,BAYSIDE CLUSTER,5241,757,12.600,0.144,7,21,Metro South,26477,4168,13.601,0.157,0.198,0.2223,South East,0.6106,0.0440
2023-04-01,88,ORAL HEALTH CENTRE,3229,220,6.400,0.068,15,44,Metro North,12629,4473,26.155,0.354,0.256,0.1060,South East,0.6106,0.0253
2023-04-01,89,STAFFORD DENTAL CLINIC,1555,4112,72.600,2.644,0,1,Metro North,12629,4473,26.155,0.354,0.123,0.1060,South East,0.6106,0.0416
2023-04-01,156,KINGSTON LOGAN CLUSTER,4147,596,12.600,0.144,7,21,Metro South,26477,4168,13.601,0.157,0.157,0.2223,South East,0.6106,0.0348
2023-04-01,152,MS INNER BRISBANE CLUSTER,3375,663,16.400,0.196,5,15,Metro South,26477,4168,13.601,0.157,0.127,0.2223,South East,0.6106,0.0296
2023-04-01,154,NATHAN INALA CLUSTER,5062,825,14.000,0.163,6,18,Metro South,26477,4168,13.601,0.157,0.191,0.2223,South East,0.6106,0.0432
2023-04-01,157,BEENLEIGH BEAUDESERT CLUS,8652,1327,13.300,0.153,7,20,Metro South,26477,4168,13.601,0.157,0.327,0.2223,South East,0.6106,0.0732
2023-04-01,93,PINE RIVERS DENTAL CLINIC,1524,33,2.100,0.022,45,136,Metro North,12629,4473,26.155,0.354,0.121,0.1060,South East,0.6106,0.0114
2023-04-01,46,GAYNDAH DENTAL CLINIC,331,71,17.700,0.215,5,14,Wide Bay,10909,726,6.240,0.067,0.030,0.0916,South East,0.6106,0.0029
2023-04-01,1,KAWANA DENTAL CLINIC,3190,164,4.900,0.051,20,59,Sunshine Coast,12850,510,3.817,0.040,0.248,0.1079,South East,0.6106,0.0246
2023-04-01,5,NOOSA DENTAL CLINIC,1494,38,2.500,0.025,40,120,Sunshine Coast,12850,510,3.817,0.040,0.116,0.1079,South East,0.6106,0.0112
2023-04-01,4,NAMBOUR DENTAL CLINIC,2061,72,3.400,0.035,29,86,Sunshine Coast,12850,510,3.817,0.040,0.160,0.1079,South East,0.6106,0.0156
2023-04-01,3,GYMPIE DENTAL CLINIC,2558,116,4.300,0.045,22,67,Sunshine Coast,12850,510,3.817,0.040,0.199,0.1079,South East,0.6106,0.0196
2023-04-01,2,CALOUNDRA DENTAL CLINIC,3547,120,3.300,0.034,29,88,Sunshine Coast,12850,510,3.817,0.040,0.276,0.1079,South East,0.6106,0.0269
2023-04-01,6,REDCLIFFE DENTAL CLINIC,2149,38,1.700,0.018,56,167,Metro North,12629,4473,26.155,0.354,0.170,0.1060,South East,0.6106,0.0160
2023-04-01,14,AYR DENTAL CLINIC,206,11,5.100,0.053,19,57,Townsville,2977,305,9.293,0.102,0.069,0.0250,North,0.1594,0.0016
2023-07-01,47,MARYBOROUGH DENTAL CLINIC,2229,212,8.700,0.095,11,32,Wide Bay,10631,960,8.282,0.090,0.210,0.0888,South East,0.6197,0.0181
2023-07-01,4,NAMBOUR DENTAL CLINIC,1800,229,11.300,0.127,8,24,Sunshine Coast,11469,1514,11.661,0.132,0.157,0.0958,South East,0.6197,0.0151
2023-07-01,3,GYMPIE DENTAL CLINIC,2334,313,11.800,0.134,7,22,Sunshine Coast,11469,1514,11.661,0.132,0.204,0.0958,South East,0.6197,0.0197
2023-07-01,10,ROBINA DENTAL CLINIC,1030,176,14.600,0.171,6,18,Gold Coast,8685,1505,14.769,0.173,0.119,0.0726,South East,0.6197,0.0090
2023-07-01,160,ST GEORGE DENTAL CLINIC,47,12,20.300,0.255,4,12,South West,798,288,26.519,0.361,0.059,0.0067,South West,0.1435,0.0004
2023-07-01,128,QUILPIE DENTAL CLINIC,19,13,40.600,0.684,1,4,South West,798,288,26.519,0.361,0.024,0.0067,South West,0.1435,0.0002
2023-07-01,62,CHARLEVILLE DENTAL CLINIC,137,68,33.200,0.496,2,6,South West,798,288,26.519,0.361,0.172,0.0067,South West,0.1435,0.0015
2023-07-01,124,INJUNE DENTAL CLINIC,17,4,19.000,0.235,4,13,South West,798,288,26.519,0.361,0.021,0.0067,South West,0.1435,0.0002
2023-07-01,65,ROMA HOSPITAL DENTAL CLIN,400,150,27.300,0.375,3,8,South West,798,288,26.519,0.361,0.501,0.0067,South West,0.1435,0.0041
2023-07-01,127,MUNGINDI DENTAL CLINIC,12,4,25.000,0.333,3,9,South West,798,288,26.519,0.361,0.015,0.0067,South West,0.1435,0.0001
2023-07-01,125,MITCHELL DENTAL CLINIC,81,22,21.400,0.272,4,11,South West,798,288,26.519,0.361,0.102,0.0067,South West,0.1435,0.0008
2023-07-01,64,THARGOMINDAH DENTAL SERVI,3,0,0.000,0.000,NULL,NULL,South West,798,288,26.519,0.361,0.004,0.0067,South West,0.1435,0.0000
2023-07-01,60,DALBY DENTAL CLINIC,894,47,5.000,0.053,19,57,Darling Downs,9194,1044,10.197,0.114,0.097,0.0768,South West,0.1435,0.0070
2023-07-01,55,GOONDIWINDI DENTAL CLINIC,189,7,3.600,0.037,27,81,Darling Downs,9194,1044,10.197,0.114,0.021,0.0768,South West,0.1435,0.0015
2023-07-01,53,MILES DENTAL CLINIC,385,74,16.100,0.192,5,16,Darling Downs,9194,1044,10.197,0.114,0.042,0.0768,South West,0.1435,0.0034
2023-07-01,45,KINGAROY DENTAL CLINIC,2142,359,14.400,0.168,6,18,Darling Downs,9194,1044,10.197,0.114,0.233,0.0768,South West,0.1435,0.0186
2023-07-01,54,TOOWOOMBA DENTAL CLINIC,4148,321,7.200,0.077,13,39,Darling Downs,9194,1044,10.197,0.114,0.451,0.0768,South West,0.1435,0.0332
2023-07-01,56,INGLEWOOD DENTAL CLINIC,106,45,29.800,0.425,2,7,Darling Downs,9194,1044,10.197,0.114,0.012,0.0768,South West,0.1435,0.0011
2023-07-01,57,STANTHORPE DENTAL CLINIC,695,101,12.700,0.145,7,21,Darling Downs,9194,1044,10.197,0.114,0.076,0.0768,South West,0.1435,0.0059
2023-07-01,84,BOONAH DENTAL CLINIC,334,20,5.600,0.060,17,50,West Moreton,7183,599,7.697,0.083,0.046,0.0600,South West,0.1435,0.0026
2023-07-01,85,LAIDLEY DENTAL CLINIC,1227,83,6.300,0.068,15,44,West Moreton,7183,599,7.697,0.083,0.171,0.0600,South West,0.1435,0.0097
2023-07-01,52,GATTON DENTAL CLINIC,1,0,0.000,0.000,NULL,NULL,West Moreton,7183,599,7.697,0.083,0.000,0.0600,South West,0.1435,0.0000
2023-07-01,86,COLLINGWOOD PARK DENTAL C,1061,74,6.500,0.070,14,43,West Moreton,7183,599,7.697,0.083,0.148,0.0600,South West,0.1435,0.0084
2023-07-01,87,IPSWICH DENTAL CLINIC,4311,386,8.200,0.090,11,33,West Moreton,7183,599,7.697,0.083,0.600,0.0600,South West,0.1435,0.0349
2023-07-01,39,MACKAY DENTAL CLINIC,4780,498,9.400,0.104,10,29,Mackay,6426,1128,14.932,0.176,0.744,0.0537,North,0.1581,0.0392
2023-07-01,38,PROSERPINE DENTAL,787,239,23.300,0.304,3,10,Mackay,6426,1128,14.932,0.176,0.122,0.0537,North,0.1581,0.0076
2023-07-01,28,TULLY DENTAL CLINIC,455,139,23.400,0.305,3,10,Cairns and Hinterland,8338,1189,12.480,0.143,0.055,0.0697,North,0.1581,0.0044
2023-07-01,120,CLERMONT DENTAL CLINIC,29,61,67.800,2.103,0,1,Mackay,6426,1128,14.932,0.176,0.005,0.0537,North,0.1581,0.0007
2023-07-01,107,CAPE YORK DENTAL CLINIC,422,71,14.400,0.168,6,18,Torres and Cape,1037,155,13.003,0.149,0.407,0.0087,North,0.1581,0.0037
2023-07-01,23,ATHERTON DENTAL CLINIC,768,109,12.400,0.142,7,21,Cairns and Hinterland,8338,1189,12.480,0.143,0.092,0.0697,North,0.1581,0.0065
2023-07-01,130,RICHMOND DENTAL CLINIC,5,2,28.600,0.400,3,8,Townsville,3126,334,9.653,0.107,0.002,0.0261,North,0.1581,0.0001
2023-07-01,121,COLLINSVILLE DENTAL CLINI,39,29,42.600,0.744,1,4,Mackay,6426,1128,14.932,0.176,0.006,0.0537,North,0.1581,0.0005
2023-07-01,27,SMITHFIELD DENTAL CLINIC,720,118,14.100,0.164,6,18,Cairns and Hinterland,8338,1189,12.480,0.143,0.086,0.0697,North,0.1581,0.0062
2023-07-01,21,MOSSMAN DENTAL CLINIC,473,32,6.300,0.068,15,44,Cairns and Hinterland,8338,1189,12.480,0.143,0.057,0.0697,North,0.1581,0.0038
2023-07-01,26,CAIRNS NTH DENTAL CLINIC,2602,232,8.200,0.089,11,34,Cairns and Hinterland,8338,1189,12.480,0.143,0.312,0.0697,North,0.1581,0.0211
2023-07-01,30,EDMONTON DENTAL CLINIC,1425,167,10.500,0.117,9,26,Cairns and Hinterland,8338,1189,12.480,0.143,0.171,0.0697,North,0.1581,0.0118
2023-07-01,25,MAREEBA DENTAL CLINIC,1068,158,12.900,0.148,7,20,Cairns and Hinterland,8338,1189,12.480,0.143,0.128,0.0697,North,0.1581,0.0091
2023-07-01,24,INNISFAIL DENTAL CLINIC,827,226,21.500,0.273,4,11,Cairns and Hinterland,8338,1189,12.480,0.143,0.099,0.0697,North,0.1581,0.0078
2023-07-01,19,CHARTERS TOWERS DENTAL CL,204,8,3.800,0.039,26,77,Townsville,3126,334,9.653,0.107,0.065,0.0261,North,0.1581,0.0016
2023-07-01,150,TORRES STRAIT DENTAL CLINIC,615,84,12.000,0.137,7,22,Torres and Cape,1037,155,13.003,0.149,0.593,0.0087,North,0.1581,0.0052
2023-07-01,14,AYR DENTAL CLINIC,226,43,16.000,0.190,5,16,Townsville,3126,334,9.653,0.107,0.072,0.0261,North,0.1581,0.0020
2023-07-01,81,HUGHENDEN DENTAL CLINIC,21,1,4.500,0.048,21,62,Townsville,3126,334,9.653,0.107,0.007,0.0261,North,0.1581,0.0002
2023-07-01,20,TOWNSVILLE DENTAL CLINIC,2333,267,10.300,0.114,9,26,Townsville,3126,334,9.653,0.107,0.746,0.0261,North,0.1581,0.0193
2023-07-01,17,INGHAM DENTAL CLINIC,337,13,3.700,0.039,26,77,Townsville,3126,334,9.653,0.107,0.108,0.0261,North,0.1581,0.0026
2023-07-01,13,BOWEN DENTAL CLINIC,791,301,27.600,0.381,3,8,Mackay,6426,1128,14.932,0.176,0.123,0.0537,North,0.1581,0.0081
2023-07-01,33,GLADSTONE DENTAL CLINIC,2133,230,9.700,0.108,9,28,Central Queensland,8093,1462,15.301,0.181,0.264,0.0676,Central,0.0787,0.0176
2023-07-01,36,EMERALD DENTAL CLINIC,496,99,16.600,0.200,5,15,Central Queensland,8093,1462,15.301,0.181,0.061,0.0676,Central,0.0787,0.0044
2023-07-01,15,MORNINGTON ISLAND DENTAL,133,0,0.000,0.000,NULL,NULL,North West,687,35,4.848,0.051,0.194,0.0057,Central,0.0787,0.0010
2023-07-01,32,ROCKHAMPTON DENTAL CLINIC,3543,813,18.700,0.229,4,13,Central Queensland,8093,1462,15.301,0.181,0.438,0.0676,Central,0.0787,0.0324
2023-07-01,42,CENTRAL WEST DENTAL CLINICS,645,70,9.800,0.109,9,28,Central West,645,70,9.790,0.109,1.000,0.0054,Central,0.0787,0.0053
2023-07-01,16,MT ISA DENTAL CLINIC,443,34,7.100,0.077,13,39,North West,687,35,4.848,0.051,0.645,0.0057,Central,0.0787,0.0035
2023-07-01,18,CLONCURRY DENTAL,111,1,0.900,0.009,111,333,North West,687,35,4.848,0.051,0.162,0.0057,Central,0.0787,0.0008
2023-07-01,37,CAPRICORN COAST DENTAL,1478,253,14.600,0.171,6,18,Central Queensland,8093,1462,15.301,0.181,0.183,0.0676,Central,0.0787,0.0129
2023-07-01,35,BILOELA DENTAL CLINIC,233,40,14.700,0.172,6,17,Central Queensland,8093,1462,15.301,0.181,0.029,0.0676,Central,0.0787,0.0020
2023-07-01,118,MT MORGAN DENTAL CLINIC,210,27,11.400,0.129,8,23,Central Queensland,8093,1462,15.301,0.181,0.026,0.0676,Central,0.0787,0.0018
2023-07-01,83,ESK DENTAL CLINIC,249,36,12.600,0.145,7,21,West Moreton,7183,599,7.697,0.083,0.035,0.0600,South West,0.1435,0.0021
2023-07-01,58,WARWICK DENTAL CLINIC,635,90,12.400,0.142,7,21,Darling Downs,9194,1044,10.197,0.114,0.069,0.0768,South West,0.1435,0.0054
2023-07-01,129,SURAT DENTAL CLINIC,17,9,34.600,0.529,2,6,South West,798,288,26.519,0.361,0.021,0.0067,South West,0.1435,0.0002
2023-07-01,63,CUNNAMULLA DENTAL CLINIC,49,6,10.900,0.122,8,25,South West,798,288,26.519,0.361,0.061,0.0067,South West,0.1435,0.0004
2023-07-01,123,DIRRANBANDI DENTAL CLINIC,16,0,0.000,0.000,NULL,NULL,South West,798,288,26.519,0.361,0.020,0.0067,South West,0.1435,0.0001
2023-07-01,1,KAWANA DENTAL CLINIC,2774,339,10.900,0.122,8,25,Sunshine Coast,11469,1514,11.661,0.132,0.242,0.0958,South East,0.6197,0.0231
2023-07-01,8,PALM BEACH DENTAL CLINIC,886,132,13.000,0.149,7,20,Gold Coast,8685,1505,14.769,0.173,0.102,0.0726,South East,0.6197,0.0076
2023-07-01,144,GC SOUTHPORT HEALTH PREC,6711,1181,15.000,0.176,6,17,Gold Coast,8685,1505,14.769,0.173,0.773,0.0726,South East,0.6197,0.0586
2023-07-01,131,CHILDERS DENTAL CLINIC,238,12,4.800,0.050,20,60,Wide Bay,10631,960,8.282,0.090,0.022,0.0888,South East,0.6197,0.0019
2023-07-01,46,GAYNDAH DENTAL CLINIC,322,50,13.400,0.155,6,19,Wide Bay,10631,960,8.282,0.090,0.030,0.0888,South East,0.6197,0.0028
2023-07-01,50,MONTO DENTAL CLINIC,66,8,10.800,0.121,8,25,Wide Bay,10631,960,8.282,0.090,0.006,0.0888,South East,0.6197,0.0005
2023-07-01,48,MUNDUBBERA DENTAL CLINIC,111,22,16.500,0.198,5,15,Wide Bay,10631,960,8.282,0.090,0.010,0.0888,South East,0.6197,0.0010
2023-07-01,44,HERVEY BAY DENTAL CLINIC,4131,262,6.000,0.063,16,48,Wide Bay,10631,960,8.282,0.090,0.389,0.0888,South East,0.6197,0.0326
2023-07-01,157,BEENLEIGH BEAUDESERT CLUS,9527,946,9.000,0.099,10,30,Metro South,29987,2873,8.743,0.096,0.318,0.2505,South East,0.6197,0.0778
2023-07-01,2,CALOUNDRA DENTAL CLINIC,3132,469,13.000,0.150,7,20,Sunshine Coast,11469,1514,11.661,0.132,0.273,0.0958,South East,0.6197,0.0268
2023-07-01,5,NOOSA DENTAL CLINIC,1429,163,10.200,0.114,9,26,Sunshine Coast,11469,1514,11.661,0.132,0.125,0.0958,South East,0.6197,0.0118
2023-07-01,89,STAFFORD DENTAL CLINIC,1755,1055,37.500,0.601,2,5,Metro North,13401,1751,11.556,0.131,0.131,0.1120,South East,0.6197,0.0209
2023-07-01,94,SANDGATE DENTAL CLINIC,1063,22,2.000,0.021,48,143,Metro North,13401,1751,11.556,0.131,0.079,0.1120,South East,0.6197,0.0081
2023-07-01,6,REDCLIFFE DENTAL CLINIC,2189,11,0.500,0.005,200,600,Metro North,13401,1751,11.556,0.131,0.163,0.1120,South East,0.6197,0.0163
2023-07-01,88,ORAL HEALTH CENTRE,3057,629,17.100,0.206,5,15,Metro North,13401,1751,11.556,0.131,0.228,0.1120,South East,0.6197,0.0274
2023-07-01,7,CABOOLTURE DENTAL CLINIC,3565,21,0.600,0.006,167,500,Metro North,13401,1751,11.556,0.131,0.266,0.1120,South East,0.6197,0.0266
2023-07-01,93,PINE RIVERS DENTAL CLINIC,1772,13,0.700,0.007,143,429,Metro North,13401,1751,11.556,0.131,0.132,0.1120,South East,0.6197,0.0133
2023-07-01,152,MS INNER BRISBANE CLUSTER,4140,450,9.800,0.109,9,28,Metro South,29987,2873,8.743,0.096,0.138,0.2505,South East,0.6197,0.0341
2023-07-01,154,NATHAN INALA CLUSTER,5581,506,8.300,0.091,11,33,Metro South,29987,2873,8.743,0.096,0.186,0.2505,South East,0.6197,0.0452
2023-07-01,155,BAYSIDE CLUSTER,5787,563,8.900,0.097,10,31,Metro South,29987,2873,8.743,0.096,0.193,0.2505,South East,0.6197,0.0472
2023-07-01,156,KINGSTON LOGAN CLUSTER,4952,408,7.600,0.082,12,37,Metro South,29987,2873,8.743,0.096,0.165,0.2505,South East,0.6197,0.0398
2023-07-01,51,BUNDABERG DENTAL CLINIC,3534,394,10.000,0.111,9,27,Wide Bay,10631,960,8.282,0.090,0.332,0.0888,South East,0.6197,0.0292
2023-07-01,142,GCUH DENTAL CLINIC,58,16,21.600,0.276,4,11,Gold Coast,8685,1505,14.769,0.173,0.007,0.0726,South East,0.6197,0.0005
2023-10-01,37,CAPRICORN COAST DENTAL,1521,138,8.300,0.091,11,33,Central Queensland,8397,1014,10.775,0.121,0.181,0.0671,Central,0.0810,0.0122
2023-10-01,27,SMITHFIELD DENTAL CLINIC,769,94,10.900,0.122,8,25,Cairns and Hinterland,8686,836,8.780,0.096,0.089,0.0695,North,0.1600,0.0063
2023-10-01,144,GC SOUTHPORT HEALTH PREC,6510,802,11.000,0.123,8,24,Gold Coast,8498,1003,10.557,0.118,0.766,0.0679,South East,0.6064,0.0537
2023-10-01,10,ROBINA DENTAL CLINIC,1093,181,14.200,0.166,6,18,Gold Coast,8498,1003,10.557,0.118,0.129,0.0679,South East,0.6064,0.0094
2023-10-01,8,PALM BEACH DENTAL CLINIC,830,0,0.000,0.000,NULL,NULL,Gold Coast,8498,1003,10.557,0.118,0.098,0.0679,South East,0.6064,0.0061
2023-10-01,142,GCUH DENTAL CLINIC,65,20,23.500,0.308,3,10,Gold Coast,8498,1003,10.557,0.118,0.008,0.0679,South East,0.6064,0.0006
2023-10-01,47,MARYBOROUGH DENTAL CLINIC,2433,116,4.600,0.048,21,62,Wide Bay,11135,889,7.394,0.080,0.219,0.0890,South East,0.6064,0.0187
2023-10-01,28,TULLY DENTAL CLINIC,502,60,10.700,0.120,8,25,Cairns and Hinterland,8686,836,8.780,0.096,0.058,0.0695,North,0.1600,0.0041
2023-10-01,129,SURAT DENTAL CLINIC,22,0,0.000,0.000,NULL,NULL,South West,942,255,21.303,0.271,0.023,0.0075,South West,0.1526,0.0002
2023-10-01,127,MUNGINDI DENTAL CLINIC,12,7,36.800,0.583,2,5,South West,942,255,21.303,0.271,0.013,0.0075,South West,0.1526,0.0001
2023-10-01,160,ST GEORGE DENTAL CLINIC,82,3,3.500,0.037,27,81,South West,942,255,21.303,0.271,0.087,0.0075,South West,0.1526,0.0006
2023-10-01,123,DIRRANBANDI DENTAL CLINIC,16,0,0.000,0.000,NULL,NULL,South West,942,255,21.303,0.271,0.017,0.0075,South West,0.1526,0.0001
2023-10-01,64,THARGOMINDAH DENTAL SERVI,3,0,0.000,0.000,NULL,NULL,South West,942,255,21.303,0.271,0.003,0.0075,South West,0.1526,0.0000
2023-10-01,65,ROMA HOSPITAL DENTAL CLIN,456,157,25.600,0.344,3,9,South West,942,255,21.303,0.271,0.484,0.0075,South West,0.1526,0.0045
2023-10-01,125,MITCHELL DENTAL CLINIC,87,0,0.000,0.000,NULL,NULL,South West,942,255,21.303,0.271,0.092,0.0075,South West,0.1526,0.0006
2023-10-01,84,BOONAH DENTAL CLINIC,360,1,0.300,0.003,333,1000,West Moreton,8461,52,0.611,0.006,0.043,0.0677,South West,0.1526,0.0027
2023-10-01,83,ESK DENTAL CLINIC,314,0,0.000,0.000,NULL,NULL,West Moreton,8461,52,0.611,0.006,0.037,0.0677,South West,0.1526,0.0023
2023-10-01,52,GATTON DENTAL CLINIC,1,0,0.000,0.000,NULL,NULL,West Moreton,8461,52,0.611,0.006,0.000,0.0677,South West,0.1526,0.0000
2023-10-01,87,IPSWICH DENTAL CLINIC,5123,32,0.600,0.006,167,500,West Moreton,8461,52,0.611,0.006,0.605,0.0677,South West,0.1526,0.0378
2023-10-01,86,COLLINGWOOD PARK DENTAL C,1234,12,1.000,0.010,100,300,West Moreton,8461,52,0.611,0.006,0.146,0.0677,South West,0.1526,0.0091
2023-10-01,85,LAIDLEY DENTAL CLINIC,1429,7,0.500,0.005,200,600,West Moreton,8461,52,0.611,0.006,0.169,0.0677,South West,0.1526,0.0105
2023-10-01,60,DALBY DENTAL CLINIC,916,51,5.300,0.056,18,54,Darling Downs,9685,881,8.338,0.091,0.095,0.0774,South West,0.1526,0.0071
2023-10-01,58,WARWICK DENTAL CLINIC,690,83,10.700,0.120,8,25,Darling Downs,9685,881,8.338,0.091,0.071,0.0774,South West,0.1526,0.0057
2023-10-01,57,STANTHORPE DENTAL CLINIC,765,23,2.900,0.030,33,100,Darling Downs,9685,881,8.338,0.091,0.079,0.0774,South West,0.1526,0.0058
2023-10-01,56,INGLEWOOD DENTAL CLINIC,109,32,22.700,0.294,3,10,Darling Downs,9685,881,8.338,0.091,0.011,0.0774,South West,0.1526,0.0010
2023-10-01,55,GOONDIWINDI DENTAL CLINIC,215,4,1.800,0.019,53,158,Darling Downs,9685,881,8.338,0.091,0.022,0.0774,South West,0.1526,0.0016
2023-10-01,54,TOOWOOMBA DENTAL CLINIC,4312,277,6.000,0.064,16,47,Darling Downs,9685,881,8.338,0.091,0.445,0.0774,South West,0.1526,0.0337
2023-10-01,45,KINGAROY DENTAL CLINIC,2263,319,12.400,0.141,7,21,Darling Downs,9685,881,8.338,0.091,0.234,0.0774,South West,0.1526,0.0190
2023-10-01,53,MILES DENTAL CLINIC,415,92,18.100,0.222,5,14,Darling Downs,9685,881,8.338,0.091,0.043,0.0774,South West,0.1526,0.0037
2023-10-01,63,CUNNAMULLA DENTAL CLINIC,57,18,24.000,0.316,3,9,South West,942,255,21.303,0.271,0.061,0.0075,South West,0.1526,0.0006
2023-10-01,124,INJUNE DENTAL CLINIC,19,0,0.000,0.000,NULL,NULL,South West,942,255,21.303,0.271,0.020,0.0075,South West,0.1526,0.0001
2023-10-01,128,QUILPIE DENTAL CLINIC,22,3,12.000,0.136,7,22,South West,942,255,21.303,0.271,0.023,0.0075,South West,0.1526,0.0002
2023-10-01,62,CHARLEVILLE DENTAL CLINIC,166,67,28.800,0.404,2,7,South West,942,255,21.303,0.271,0.176,0.0075,South West,0.1526,0.0017
2023-10-01,3,GYMPIE DENTAL CLINIC,2415,246,9.200,0.102,10,29,Sunshine Coast,11800,1325,10.095,0.112,0.205,0.0944,South East,0.6064,0.0195
2023-10-01,152,MS INNER BRISBANE CLUSTER,4309,262,5.700,0.061,16,49,Metro South,29850,2055,6.441,0.069,0.144,0.2387,South East,0.6064,0.0336
2023-10-01,155,BAYSIDE CLUSTER,5465,393,6.700,0.072,14,42,Metro South,29850,2055,6.441,0.069,0.183,0.2387,South East,0.6064,0.0430
2023-10-01,156,KINGSTON LOGAN CLUSTER,5102,238,4.500,0.047,21,64,Metro South,29850,2055,6.441,0.069,0.171,0.2387,South East,0.6064,0.0392
2023-10-01,157,BEENLEIGH BEAUDESERT CLUS,9439,737,7.200,0.078,13,38,Metro South,29850,2055,6.441,0.069,0.316,0.2387,South East,0.6064,0.0747
2023-10-01,154,NATHAN INALA CLUSTER,5535,425,7.100,0.077,13,39,Metro South,29850,2055,6.441,0.069,0.185,0.2387,South East,0.6064,0.0438
2023-10-01,1,KAWANA DENTAL CLINIC,2821,347,11.000,0.123,8,24,Sunshine Coast,11800,1325,10.095,0.112,0.239,0.0944,South East,0.6064,0.0233
2023-10-01,2,CALOUNDRA DENTAL CLINIC,3273,353,9.700,0.108,9,28,Sunshine Coast,11800,1325,10.095,0.112,0.277,0.0944,South East,0.6064,0.0266
2023-10-01,44,HERVEY BAY DENTAL CLINIC,4203,328,7.200,0.078,13,38,Wide Bay,11135,889,7.394,0.080,0.377,0.0890,South East,0.6064,0.0333
2023-10-01,46,GAYNDAH DENTAL CLINIC,318,77,19.500,0.242,4,12,Wide Bay,11135,889,7.394,0.080,0.029,0.0890,South East,0.6064,0.0029
2023-10-01,48,MUNDUBBERA DENTAL CLINIC,137,9,6.200,0.066,15,45,Wide Bay,11135,889,7.394,0.080,0.012,0.0890,South East,0.6064,0.0011
2023-10-01,89,STAFFORD DENTAL CLINIC,1865,1031,35.600,0.553,2,5,Metro North,14553,1649,10.178,0.113,0.128,0.1164,South East,0.6064,0.0213
2023-10-01,26,CAIRNS NTH DENTAL CLINIC,2784,224,7.400,0.080,13,38,Cairns and Hinterland,8686,836,8.780,0.096,0.321,0.0695,North,0.1600,0.0221
2023-10-01,25,MAREEBA DENTAL CLINIC,1122,68,5.700,0.061,16,49,Cairns and Hinterland,8686,836,8.780,0.096,0.129,0.0695,North,0.1600,0.0087
2023-10-01,107,CAPE YORK DENTAL CLINIC,457,35,7.100,0.077,13,39,Torres and Cape,1054,111,9.528,0.105,0.434,0.0084,North,0.1600,0.0036
2023-10-01,150,TORRES STRAIT DENTAL CLINIC,597,76,11.300,0.127,8,24,Torres and Cape,1054,111,9.528,0.105,0.566,0.0084,North,0.1600,0.0049
2023-10-01,130,RICHMOND DENTAL CLINIC,4,0,0.000,0.000,NULL,NULL,Townsville,3082,507,14.126,0.165,0.001,0.0246,North,0.1600,0.0000
2023-10-01,14,AYR DENTAL CLINIC,238,46,16.200,0.193,5,16,Townsville,3082,507,14.126,0.165,0.077,0.0246,North,0.1600,0.0021
2023-10-01,81,HUGHENDEN DENTAL CLINIC,16,3,15.800,0.188,5,16,Townsville,3082,507,14.126,0.165,0.005,0.0246,North,0.1600,0.0001
2023-10-01,39,MACKAY DENTAL CLINIC,5223,169,3.100,0.032,31,94,Mackay,7187,455,5.954,0.063,0.727,0.0575,North,0.1600,0.0396
2023-10-01,120,CLERMONT DENTAL CLINIC,31,0,0.000,0.000,NULL,NULL,Mackay,7187,455,5.954,0.063,0.004,0.0575,North,0.1600,0.0002
2023-10-01,13,BOWEN DENTAL CLINIC,931,221,19.200,0.237,4,13,Mackay,7187,455,5.954,0.063,0.130,0.0575,North,0.1600,0.0085
2023-10-01,121,COLLINSVILLE DENTAL CLINI,41,19,31.700,0.463,2,6,Mackay,7187,455,5.954,0.063,0.006,0.0575,North,0.1600,0.0004
2023-10-01,38,PROSERPINE DENTAL,961,46,4.600,0.048,21,62,Mackay,7187,455,5.954,0.063,0.134,0.0575,North,0.1600,0.0074
2023-10-01,20,TOWNSVILLE DENTAL CLINIC,2263,410,15.300,0.181,6,17,Townsville,3082,507,14.126,0.165,0.734,0.0246,North,0.1600,0.0196
2023-10-01,19,CHARTERS TOWERS DENTAL CL,220,15,6.400,0.068,15,44,Townsville,3082,507,14.126,0.165,0.071,0.0246,North,0.1600,0.0017
2023-10-01,17,INGHAM DENTAL CLINIC,341,33,8.800,0.097,10,31,Townsville,3082,507,14.126,0.165,0.111,0.0246,North,0.1600,0.0027
2023-10-01,30,EDMONTON DENTAL CLINIC,1378,170,11.000,0.123,8,24,Cairns and Hinterland,8686,836,8.780,0.096,0.159,0.0695,North,0.1600,0.0114
2023-10-01,21,MOSSMAN DENTAL CLINIC,440,50,10.200,0.114,9,26,Cairns and Hinterland,8686,836,8.780,0.096,0.051,0.0695,North,0.1600,0.0036
2023-10-01,23,ATHERTON DENTAL CLINIC,786,74,8.600,0.094,11,32,Cairns and Hinterland,8686,836,8.780,0.096,0.090,0.0695,North,0.1600,0.0063
2023-10-01,24,INNISFAIL DENTAL CLINIC,905,83,8.400,0.092,11,33,Cairns and Hinterland,8686,836,8.780,0.096,0.104,0.0695,North,0.1600,0.0073
2023-10-01,88,ORAL HEALTH CENTRE,3372,555,14.100,0.165,6,18,Metro North,14553,1649,10.178,0.113,0.232,0.1164,South East,0.6064,0.0288
2023-10-01,7,CABOOLTURE DENTAL CLINIC,3748,17,0.500,0.005,200,600,Metro North,14553,1649,10.178,0.113,0.258,0.1164,South East,0.6064,0.0276
2023-10-01,6,REDCLIFFE DENTAL CLINIC,2439,14,0.600,0.006,167,500,Metro North,14553,1649,10.178,0.113,0.168,0.1164,South East,0.6064,0.0180
2023-10-01,94,SANDGATE DENTAL CLINIC,1097,20,1.800,0.018,56,167,Metro North,14553,1649,10.178,0.113,0.075,0.1164,South East,0.6064,0.0082
2023-10-01,171,KALLANGUR SATELLITE CLINI,2032,0,0.000,0.000,NULL,NULL,Metro North,14553,1649,10.178,0.113,0.140,0.1164,South East,0.6064,0.0149
2023-10-01,4,NAMBOUR DENTAL CLINIC,1814,214,10.600,0.118,8,25,Sunshine Coast,11800,1325,10.095,0.112,0.154,0.0944,South East,0.6064,0.0149
2023-10-01,5,NOOSA DENTAL CLINIC,1477,164,10.000,0.111,9,27,Sunshine Coast,11800,1325,10.095,0.112,0.125,0.0944,South East,0.6064,0.0120
2023-10-01,50,MONTO DENTAL CLINIC,66,5,7.000,0.076,13,39,Wide Bay,11135,889,7.394,0.080,0.006,0.0890,South East,0.6064,0.0005
2023-10-01,51,BUNDABERG DENTAL CLINIC,3724,340,8.400,0.091,11,33,Wide Bay,11135,889,7.394,0.080,0.334,0.0890,South East,0.6064,0.0298
2023-10-01,131,CHILDERS DENTAL CLINIC,254,14,5.200,0.055,18,55,Wide Bay,11135,889,7.394,0.080,0.023,0.0890,South East,0.6064,0.0020
2023-10-01,32,ROCKHAMPTON DENTAL CLINIC,3623,614,14.500,0.169,6,18,Central Queensland,8397,1014,10.775,0.121,0.431,0.0671,Central,0.0810,0.0311
2023-10-01,16,MT ISA DENTAL CLINIC,482,12,2.400,0.025,40,120,North West,702,19,2.635,0.027,0.687,0.0056,Central,0.0810,0.0036
2023-10-01,118,MT MORGAN DENTAL CLINIC,223,8,3.500,0.036,28,83,Central Queensland,8397,1014,10.775,0.121,0.027,0.0671,Central,0.0810,0.0017
2023-10-01,15,MORNINGTON ISLAND DENTAL,74,6,7.500,0.081,12,37,North West,702,19,2.635,0.027,0.105,0.0056,Central,0.0810,0.0006
2023-10-01,18,CLONCURRY DENTAL,146,1,0.700,0.007,143,429,North West,702,19,2.635,0.027,0.208,0.0056,Central,0.0810,0.0011
2023-10-01,42,CENTRAL WEST DENTAL CLINICS,1032,111,9.700,0.108,9,28,Central West,1032,111,9.711,0.108,1.000,0.0083,Central,0.0810,0.0084
2023-10-01,33,GLADSTONE DENTAL CLINIC,2213,181,7.600,0.082,12,37,Central Queensland,8397,1014,10.775,0.121,0.264,0.0671,Central,0.0810,0.0176
2023-10-01,35,BILOELA DENTAL CLINIC,275,9,3.200,0.033,30,91,Central Queensland,8397,1014,10.775,0.121,0.033,0.0671,Central,0.0810,0.0021
2023-10-01,36,EMERALD DENTAL CLINIC,542,63,10.400,0.116,9,26,Central Queensland,8397,1014,10.775,0.121,0.065,0.0671,Central,0.0810,0.0044
2024-01-01,171,KALLANGUR SATELLITE CLINI,2149,17,0.800,0.008,125,375,Metro North,14865,1821,10.913,0.123,0.145,0.1171,South East,0.6226,0.0153
2024-01-01,32,ROCKHAMPTON DENTAL CLINIC,3592,793,18.100,0.221,5,14,Central Queensland,8319,1410,14.493,0.169,0.432,0.0655,Central,0.0783,0.0310
2024-01-01,35,BILOELA DENTAL CLINIC,309,7,2.200,0.023,43,130,Central Queensland,8319,1410,14.493,0.169,0.037,0.0655,Central,0.0783,0.0022
2024-01-01,36,EMERALD DENTAL CLINIC,518,110,17.500,0.212,5,14,Central Queensland,8319,1410,14.493,0.169,0.062,0.0655,Central,0.0783,0.0044
2024-01-01,42,CENTRAL WEST DENTAL CLINICS,1045,45,4.100,0.043,23,70,Central West,1045,45,4.128,0.043,1.000,0.0082,Central,0.0783,0.0077
2024-01-01,15,MORNINGTON ISLAND DENTAL,175,8,4.400,0.046,22,65,North West,585,66,10.138,0.113,0.299,0.0046,Central,0.0783,0.0013
2024-01-01,16,MT ISA DENTAL CLINIC,410,58,12.400,0.141,7,21,North West,585,66,10.138,0.113,0.701,0.0046,Central,0.0783,0.0033
2024-01-01,37,CAPRICORN COAST DENTAL,1695,59,3.400,0.035,29,86,Central Queensland,8319,1410,14.493,0.169,0.204,0.0655,Central,0.0783,0.0124
2024-01-01,118,MT MORGAN DENTAL CLINIC,228,8,3.400,0.035,29,86,Central Queensland,8319,1410,14.493,0.169,0.027,0.0655,Central,0.0783,0.0017
2024-01-01,33,GLADSTONE DENTAL CLINIC,1977,433,18.000,0.219,5,14,Central Queensland,8319,1410,14.493,0.169,0.238,0.0655,Central,0.0783,0.0171
2024-01-01,25,MAREEBA DENTAL CLINIC,1004,246,19.700,0.245,4,12,Cairns and Hinterland,8538,1332,13.495,0.156,0.118,0.0672,North,0.1549,0.0088
2024-01-01,30,EDMONTON DENTAL CLINIC,1287,215,14.300,0.167,6,18,Cairns and Hinterland,8538,1332,13.495,0.156,0.151,0.0672,North,0.1549,0.0106
2024-01-01,28,TULLY DENTAL CLINIC,508,61,10.700,0.120,8,25,Cairns and Hinterland,8538,1332,13.495,0.156,0.059,0.0672,North,0.1549,0.0040
2024-01-01,27,SMITHFIELD DENTAL CLINIC,821,124,13.100,0.151,7,20,Cairns and Hinterland,8538,1332,13.495,0.156,0.096,0.0672,North,0.1549,0.0067
2024-01-01,26,CAIRNS NTH DENTAL CLINIC,2738,340,11.000,0.124,8,24,Cairns and Hinterland,8538,1332,13.495,0.156,0.321,0.0672,North,0.1549,0.0218
2024-01-01,23,ATHERTON DENTAL CLINIC,721,151,17.300,0.209,5,14,Cairns and Hinterland,8538,1332,13.495,0.156,0.084,0.0672,North,0.1549,0.0062
2024-01-01,21,MOSSMAN DENTAL CLINIC,475,46,8.800,0.097,10,31,Cairns and Hinterland,8538,1332,13.495,0.156,0.056,0.0672,North,0.1549,0.0037
2024-01-01,24,INNISFAIL DENTAL CLINIC,984,117,10.600,0.119,8,25,Cairns and Hinterland,8538,1332,13.495,0.156,0.115,0.0672,North,0.1549,0.0078
2024-01-01,150,TORRES STRAIT DENTAL CLINIC,548,123,18.300,0.224,4,13,Torres and Cape,1041,174,14.321,0.167,0.526,0.0082,North,0.1549,0.0047
2024-01-01,107,CAPE YORK DENTAL CLINIC,493,51,9.400,0.103,10,29,Torres and Cape,1041,174,14.321,0.167,0.474,0.0082,North,0.1549,0.0039
2024-01-01,20,TOWNSVILLE DENTAL CLINIC,2467,198,7.400,0.080,13,38,Townsville,3219,344,9.655,0.107,0.766,0.0253,North,0.1549,0.0189
2024-01-01,14,AYR DENTAL CLINIC,268,25,8.500,0.093,11,32,Townsville,3219,344,9.655,0.107,0.083,0.0253,North,0.1549,0.0021
2024-01-01,81,HUGHENDEN DENTAL CLINIC,9,3,25.000,0.333,3,9,Townsville,3219,344,9.655,0.107,0.003,0.0253,North,0.1549,0.0001
2024-01-01,130,RICHMOND DENTAL CLINIC,3,3,50.000,1.000,1,3,Townsville,3219,344,9.655,0.107,0.001,0.0253,North,0.1549,0.0000
2024-01-01,121,COLLINSVILLE DENTAL CLINI,37,2,5.100,0.054,19,56,Mackay,6877,1117,13.973,0.162,0.005,0.0542,North,0.1549,0.0003
2024-01-01,120,CLERMONT DENTAL CLINIC,33,0,0.000,0.000,NULL,NULL,Mackay,6877,1117,13.973,0.162,0.005,0.0542,North,0.1549,0.0002
2024-01-01,38,PROSERPINE DENTAL,969,179,15.600,0.185,5,16,Mackay,6877,1117,13.973,0.162,0.141,0.0542,North,0.1549,0.0081
2024-01-01,39,MACKAY DENTAL CLINIC,4925,672,12.000,0.136,7,22,Mackay,6877,1117,13.973,0.162,0.716,0.0542,North,0.1549,0.0396
2024-01-01,13,BOWEN DENTAL CLINIC,913,264,22.400,0.289,3,10,Mackay,6877,1117,13.973,0.162,0.133,0.0542,North,0.1549,0.0083
2024-01-01,17,INGHAM DENTAL CLINIC,281,70,19.900,0.249,4,12,Townsville,3219,344,9.655,0.107,0.087,0.0253,North,0.1549,0.0025
2024-01-01,19,CHARTERS TOWERS DENTAL CL,191,45,19.100,0.236,4,13,Townsville,3219,344,9.655,0.107,0.059,0.0253,North,0.1549,0.0017
2024-01-01,156,KINGSTON LOGAN CLUSTER,5559,371,6.300,0.067,15,45,Metro South,32274,2919,8.294,0.090,0.172,0.2542,South East,0.6226,0.0420
2024-01-01,1,KAWANA DENTAL CLINIC,2878,246,7.900,0.085,12,35,Sunshine Coast,11828,1011,7.874,0.085,0.243,0.0931,South East,0.6226,0.0221
2024-01-01,5,NOOSA DENTAL CLINIC,1529,109,6.700,0.071,14,42,Sunshine Coast,11828,1011,7.874,0.085,0.129,0.0931,South East,0.6226,0.0116
2024-01-01,4,NAMBOUR DENTAL CLINIC,1813,146,7.500,0.081,12,37,Sunshine Coast,11828,1011,7.874,0.085,0.153,0.0931,South East,0.6226,0.0139
2024-01-01,2,CALOUNDRA DENTAL CLINIC,3243,293,8.300,0.090,11,33,Sunshine Coast,11828,1011,7.874,0.085,0.274,0.0931,South East,0.6226,0.0250
2024-01-01,3,GYMPIE DENTAL CLINIC,2365,216,8.400,0.091,11,33,Sunshine Coast,11828,1011,7.874,0.085,0.200,0.0931,South East,0.6226,0.0183
2024-01-01,142,GCUH DENTAL CLINIC,75,20,21.100,0.267,4,11,Gold Coast,8924,978,9.877,0.110,0.008,0.0703,South East,0.6226,0.0007
2024-01-01,157,BEENLEIGH BEAUDESERT CLUS,10163,922,8.300,0.091,11,33,Metro South,32274,2919,8.294,0.090,0.315,0.2542,South East,0.6226,0.0785
2024-01-01,10,ROBINA DENTAL CLINIC,1095,333,23.300,0.304,3,10,Gold Coast,8924,978,9.877,0.110,0.123,0.0703,South East,0.6226,0.0101
2024-01-01,51,BUNDABERG DENTAL CLINIC,3936,197,4.800,0.050,20,60,Wide Bay,11174,1270,10.206,0.114,0.352,0.0880,South East,0.6226,0.0293
2024-01-01,47,MARYBOROUGH DENTAL CLINIC,2651,119,4.300,0.045,22,67,Wide Bay,11174,1270,10.206,0.114,0.237,0.0880,South East,0.6226,0.0196
2024-01-01,46,GAYNDAH DENTAL CLINIC,306,58,15.900,0.190,5,16,Wide Bay,11174,1270,10.206,0.114,0.027,0.0880,South East,0.6226,0.0026
2024-01-01,8,PALM BEACH DENTAL CLINIC,726,0,0.000,0.000,NULL,NULL,Gold Coast,8924,978,9.877,0.110,0.081,0.0703,South East,0.6226,0.0051
2024-01-01,44,HERVEY BAY DENTAL CLINIC,3835,850,18.100,0.222,5,14,Wide Bay,11174,1270,10.206,0.114,0.343,0.0880,South East,0.6226,0.0332
2024-01-01,94,SANDGATE DENTAL CLINIC,1055,15,1.400,0.014,71,214,Metro North,14865,1821,10.913,0.123,0.071,0.1171,South East,0.6226,0.0076
2024-01-01,7,CABOOLTURE DENTAL CLINIC,3884,90,2.300,0.023,43,130,Metro North,14865,1821,10.913,0.123,0.261,0.1171,South East,0.6226,0.0281
2024-01-01,88,ORAL HEALTH CENTRE,3402,492,12.600,0.145,7,21,Metro North,14865,1821,10.913,0.123,0.229,0.1171,South East,0.6226,0.0276
2024-01-01,6,REDCLIFFE DENTAL CLINIC,2346,13,0.600,0.006,167,500,Metro North,14865,1821,10.913,0.123,0.158,0.1171,South East,0.6226,0.0167
2024-01-01,89,STAFFORD DENTAL CLINIC,2029,1173,36.600,0.578,2,5,Metro North,14865,1821,10.913,0.123,0.136,0.1171,South East,0.6226,0.0227
2024-01-01,50,MONTO DENTAL CLINIC,64,7,9.900,0.109,9,28,Wide Bay,11174,1270,10.206,0.114,0.006,0.0880,South East,0.6226,0.0005
2024-01-01,48,MUNDUBBERA DENTAL CLINIC,134,22,14.100,0.164,6,18,Wide Bay,11174,1270,10.206,0.114,0.012,0.0880,South East,0.6226,0.0011
2024-01-01,131,CHILDERS DENTAL CLINIC,248,17,6.400,0.069,14,43,Wide Bay,11174,1270,10.206,0.114,0.022,0.0880,South East,0.6226,0.0019
2024-01-01,144,GC SOUTHPORT HEALTH PREC,7028,625,8.200,0.089,11,34,Gold Coast,8924,978,9.877,0.110,0.788,0.0703,South East,0.6226,0.0542
2024-01-01,155,BAYSIDE CLUSTER,5999,607,9.200,0.101,10,30,Metro South,32274,2919,8.294,0.090,0.186,0.2542,South East,0.6226,0.0468
2024-01-01,152,MS INNER BRISBANE CLUSTER,4706,522,10.000,0.111,9,27,Metro South,32274,2919,8.294,0.090,0.146,0.2542,South East,0.6226,0.0370
2024-01-01,154,NATHAN INALA CLUSTER,5847,497,7.800,0.085,12,35,Metro South,32274,2919,8.294,0.090,0.181,0.2542,South East,0.6226,0.0449
2024-01-01,86,COLLINGWOOD PARK DENTAL C,997,65,6.100,0.065,15,46,West Moreton,7983,494,5.828,0.062,0.125,0.0629,South West,0.1441,0.0075
2024-01-01,123,DIRRANBANDI DENTAL CLINIC,21,5,19.200,0.238,4,13,South West,1039,280,21.228,0.269,0.020,0.0082,South West,0.1441,0.0002
2024-01-01,129,SURAT DENTAL CLINIC,24,11,31.400,0.458,2,7,South West,1039,280,21.228,0.269,0.023,0.0082,South West,0.1441,0.0002
2024-01-01,125,MITCHELL DENTAL CLINIC,89,0,0.000,0.000,NULL,NULL,South West,1039,280,21.228,0.269,0.086,0.0082,South West,0.1441,0.0006
2024-01-01,127,MUNGINDI DENTAL CLINIC,13,0,0.000,0.000,NULL,NULL,South West,1039,280,21.228,0.269,0.013,0.0082,South West,0.1441,0.0001
2024-01-01,57,STANTHORPE DENTAL CLINIC,717,52,6.800,0.073,14,41,Darling Downs,9276,1096,10.567,0.118,0.077,0.0730,South West,0.1441,0.0054
2024-01-01,58,WARWICK DENTAL CLINIC,737,64,8.000,0.087,11,34,Darling Downs,9276,1096,10.567,0.118,0.079,0.0730,South West,0.1441,0.0057
2024-01-01,45,KINGAROY DENTAL CLINIC,2004,459,18.600,0.229,4,13,Darling Downs,9276,1096,10.567,0.118,0.216,0.0730,South West,0.1441,0.0174
2024-01-01,65,ROMA HOSPITAL DENTAL CLIN,497,196,28.300,0.394,3,8,South West,1039,280,21.228,0.269,0.478,0.0082,South West,0.1441,0.0049
2024-01-01,62,CHARLEVILLE DENTAL CLINIC,172,50,22.500,0.291,3,10,South West,1039,280,21.228,0.269,0.166,0.0082,South West,0.1441,0.0016
2024-01-01,54,TOOWOOMBA DENTAL CLINIC,4298,330,7.100,0.077,13,39,Darling Downs,9276,1096,10.567,0.118,0.463,0.0730,South West,0.1441,0.0328
2024-01-01,55,GOONDIWINDI DENTAL CLINIC,211,6,2.800,0.028,36,107,Darling Downs,9276,1096,10.567,0.118,0.023,0.0730,South West,0.1441,0.0015
2024-01-01,128,QUILPIE DENTAL CLINIC,19,3,13.600,0.158,6,19,South West,1039,280,21.228,0.269,0.018,0.0082,South West,0.1441,0.0002
2024-01-01,160,ST GEORGE DENTAL CLINIC,73,11,13.100,0.151,7,20,South West,1039,280,21.228,0.269,0.070,0.0082,South West,0.1441,0.0006
2024-01-01,63,CUNNAMULLA DENTAL CLINIC,108,4,3.600,0.037,27,81,South West,1039,280,21.228,0.269,0.104,0.0082,South West,0.1441,0.0008
2024-01-01,53,MILES DENTAL CLINIC,401,77,16.100,0.192,5,16,Darling Downs,9276,1096,10.567,0.118,0.043,0.0730,South West,0.1441,0.0034
2024-01-01,56,INGLEWOOD DENTAL CLINIC,112,39,25.800,0.348,3,9,Darling Downs,9276,1096,10.567,0.118,0.012,0.0730,South West,0.1441,0.0011
2024-01-01,60,DALBY DENTAL CLINIC,796,69,8.000,0.087,11,34,Darling Downs,9276,1096,10.567,0.118,0.086,0.0730,South West,0.1441,0.0061
2024-01-01,124,INJUNE DENTAL CLINIC,20,0,0.000,0.000,NULL,NULL,South West,1039,280,21.228,0.269,0.019,0.0082,South West,0.1441,0.0001
2024-01-01,64,THARGOMINDAH DENTAL SERVI,3,0,0.000,0.000,NULL,NULL,South West,1039,280,21.228,0.269,0.003,0.0082,South West,0.1441,0.0000
2024-01-01,85,LAIDLEY DENTAL CLINIC,1340,76,5.400,0.057,18,53,West Moreton,7983,494,5.828,0.062,0.168,0.0629,South West,0.1441,0.0100
2024-01-01,87,IPSWICH DENTAL CLINIC,5024,307,5.800,0.061,16,49,West Moreton,7983,494,5.828,0.062,0.629,0.0629,South West,0.1441,0.0377
2024-01-01,52,GATTON DENTAL CLINIC,2,0,0.000,0.000,NULL,NULL,West Moreton,7983,494,5.828,0.062,0.000,0.0629,South West,0.1441,0.0000
2024-01-01,83,ESK DENTAL CLINIC,290,17,5.500,0.059,17,51,West Moreton,7983,494,5.828,0.062,0.036,0.0629,South West,0.1441,0.0022
2024-01-01,84,BOONAH DENTAL CLINIC,330,29,8.100,0.088,11,34,West Moreton,7983,494,5.828,0.062,0.041,0.0629,South West,0.1441,0.0025
2024-04-01,25,MAREEBA DENTAL CLINIC,1065,112,9.500,0.105,10,29,Cairns and Hinterland,8619,1150,11.772,0.133,0.124,0.0658,North,0.1532,0.0082
2024-04-01,36,EMERALD DENTAL CLINIC,582,106,15.400,0.182,5,16,Central Queensland,8170,1526,15.738,0.187,0.071,0.0624,Central,0.0741,0.0048
2024-04-01,19,CHARTERS TOWERS DENTAL CL,214,32,13.000,0.150,7,20,Townsville,3405,352,9.369,0.103,0.063,0.0260,North,0.1532,0.0017
2024-04-01,121,COLLINSVILLE DENTAL CLINI,35,5,12.500,0.143,7,21,Mackay,6958,1010,12.676,0.145,0.005,0.0531,North,0.1532,0.0003
2024-04-01,130,RICHMOND DENTAL CLINIC,3,5,62.500,1.667,1,2,Townsville,3405,352,9.369,0.103,0.001,0.0260,North,0.1532,0.0001
2024-04-01,17,INGHAM DENTAL CLINIC,336,48,12.500,0.143,7,21,Townsville,3405,352,9.369,0.103,0.099,0.0260,North,0.1532,0.0027
2024-04-01,14,AYR DENTAL CLINIC,289,19,6.200,0.066,15,45,Townsville,3405,352,9.369,0.103,0.085,0.0260,North,0.1532,0.0021
2024-04-01,81,HUGHENDEN DENTAL CLINIC,7,6,46.200,0.857,1,4,Townsville,3405,352,9.369,0.103,0.002,0.0260,North,0.1532,0.0001
2024-04-01,135,YARRABAH DENTAL CLINIC,1,51,98.100,51.000,0,0,Cairns and Hinterland,8619,1150,11.772,0.133,0.000,0.0658,North,0.1532,0.0004
2024-04-01,30,EDMONTON DENTAL CLINIC,1188,240,16.800,0.202,5,15,Cairns and Hinterland,8619,1150,11.772,0.133,0.138,0.0658,North,0.1532,0.0099
2024-04-01,28,TULLY DENTAL CLINIC,554,68,10.900,0.123,8,24,Cairns and Hinterland,8619,1150,11.772,0.133,0.064,0.0658,North,0.1532,0.0043
2024-04-01,21,MOSSMAN DENTAL CLINIC,440,78,15.100,0.177,6,17,Cairns and Hinterland,8619,1150,11.772,0.133,0.051,0.0658,North,0.1532,0.0036
2024-04-01,23,ATHERTON DENTAL CLINIC,756,115,13.200,0.152,7,20,Cairns and Hinterland,8619,1150,11.772,0.133,0.088,0.0658,North,0.1532,0.0060
2024-04-01,24,INNISFAIL DENTAL CLINIC,992,105,9.600,0.106,9,28,Cairns and Hinterland,8619,1150,11.772,0.133,0.115,0.0658,North,0.1532,0.0076
2024-04-01,27,SMITHFIELD DENTAL CLINIC,852,74,8.000,0.087,11,34,Cairns and Hinterland,8619,1150,11.772,0.133,0.099,0.0658,North,0.1532,0.0064
2024-04-01,26,CAIRNS NTH DENTAL CLINIC,2771,302,9.800,0.109,9,28,Cairns and Hinterland,8619,1150,11.772,0.133,0.321,0.0658,North,0.1532,0.0213
2024-04-01,107,CAPE YORK DENTAL CLINIC,519,31,5.600,0.060,17,50,Torres and Cape,1076,138,11.367,0.128,0.482,0.0082,North,0.1532,0.0038
2024-04-01,150,TORRES STRAIT DENTAL CLINIC,557,107,16.100,0.192,5,16,Torres and Cape,1076,138,11.367,0.128,0.518,0.0082,North,0.1532,0.0046
2024-04-01,38,PROSERPINE DENTAL,958,236,19.800,0.246,4,12,Mackay,6958,1010,12.676,0.145,0.138,0.0531,North,0.1532,0.0083
2024-04-01,13,BOWEN DENTAL CLINIC,897,284,24.000,0.317,3,9,Mackay,6958,1010,12.676,0.145,0.129,0.0531,North,0.1532,0.0082
2024-04-01,120,CLERMONT DENTAL CLINIC,38,51,57.300,1.342,1,2,Mackay,6958,1010,12.676,0.145,0.005,0.0531,North,0.1532,0.0006
2024-04-01,39,MACKAY DENTAL CLINIC,5030,434,7.900,0.086,12,35,Mackay,6958,1010,12.676,0.145,0.723,0.0531,North,0.1532,0.0379
2024-04-01,20,TOWNSVILLE DENTAL CLINIC,2556,242,8.600,0.095,11,32,Townsville,3405,352,9.369,0.103,0.751,0.0260,North,0.1532,0.0194
2024-04-01,118,MT MORGAN DENTAL CLINIC,142,27,16.000,0.190,5,16,Central Queensland,8170,1526,15.738,0.187,0.017,0.0624,Central,0.0741,0.0012
2024-04-01,144,GC SOUTHPORT HEALTH PREC,7350,554,7.000,0.075,13,40,Gold Coast,9111,857,8.598,0.094,0.807,0.0696,South East,0.6147,0.0548
2024-04-01,155,BAYSIDE CLUSTER,5511,431,7.300,0.078,13,38,Metro South,30747,2556,7.675,0.083,0.179,0.2348,South East,0.6147,0.0412
2024-04-01,154,NATHAN INALA CLUSTER,5528,499,8.300,0.090,11,33,Metro South,30747,2556,7.675,0.083,0.180,0.2348,South East,0.6147,0.0418
2024-04-01,152,MS INNER BRISBANE CLUSTER,4645,593,11.300,0.128,8,23,Metro South,30747,2556,7.675,0.083,0.151,0.2348,South East,0.6147,0.0363
2024-04-01,157,BEENLEIGH BEAUDESERT CLUS,9673,791,7.600,0.082,12,37,Metro South,30747,2556,7.675,0.083,0.315,0.2348,South East,0.6147,0.0726
2024-04-01,156,KINGSTON LOGAN CLUSTER,5390,242,4.300,0.045,22,67,Metro South,30747,2556,7.675,0.083,0.175,0.2348,South East,0.6147,0.0391
2024-04-01,51,BUNDABERG DENTAL CLINIC,3956,240,5.700,0.061,16,49,Wide Bay,11501,966,7.748,0.084,0.344,0.0878,South East,0.6147,0.0291
2024-04-01,131,CHILDERS DENTAL CLINIC,255,19,6.900,0.075,13,40,Wide Bay,11501,966,7.748,0.084,0.022,0.0878,South East,0.6147,0.0019
2024-04-01,50,MONTO DENTAL CLINIC,66,2,2.900,0.030,33,100,Wide Bay,11501,966,7.748,0.084,0.006,0.0878,South East,0.6147,0.0005
2024-04-01,2,CALOUNDRA DENTAL CLINIC,3593,150,4.000,0.042,24,71,Sunshine Coast,12971,530,3.926,0.041,0.277,0.0991,South East,0.6147,0.0260
2024-04-01,3,GYMPIE DENTAL CLINIC,2570,146,5.400,0.057,18,53,Sunshine Coast,12971,530,3.926,0.041,0.198,0.0991,South East,0.6147,0.0188
2024-04-01,4,NAMBOUR DENTAL CLINIC,1945,55,2.800,0.028,36,107,Sunshine Coast,12971,530,3.926,0.041,0.150,0.0991,South East,0.6147,0.0139
2024-04-01,5,NOOSA DENTAL CLINIC,1702,58,3.300,0.034,29,88,Sunshine Coast,12971,530,3.926,0.041,0.131,0.0991,South East,0.6147,0.0122
2024-04-01,1,KAWANA DENTAL CLINIC,3161,121,3.700,0.038,26,79,Sunshine Coast,12971,530,3.926,0.041,0.244,0.0991,South East,0.6147,0.0228
2024-04-01,6,REDCLIFFE DENTAL CLINIC,2563,16,0.600,0.006,167,500,Metro North,16156,2722,14.419,0.168,0.159,0.1234,South East,0.6147,0.0179
2024-04-01,89,STAFFORD DENTAL CLINIC,2149,2156,50.100,1.003,1,3,Metro North,16156,2722,14.419,0.168,0.133,0.1234,South East,0.6147,0.0299
2024-04-01,94,SANDGATE DENTAL CLINIC,1198,56,4.500,0.047,21,64,Metro North,16156,2722,14.419,0.168,0.074,0.1234,South East,0.6147,0.0087
2024-04-01,88,ORAL HEALTH CENTRE,3457,436,11.200,0.126,8,24,Metro North,16156,2722,14.419,0.168,0.214,0.1234,South East,0.6147,0.0270
2024-04-01,7,CABOOLTURE DENTAL CLINIC,4468,11,0.200,0.002,500,1500,Metro North,16156,2722,14.419,0.168,0.277,0.1234,South East,0.6147,0.0311
2024-04-01,171,KALLANGUR SATELLITE CLINI,2321,33,1.400,0.014,71,214,Metro North,16156,2722,14.419,0.168,0.144,0.1234,South East,0.6147,0.0163
2024-04-01,10,ROBINA DENTAL CLINIC,1080,259,19.300,0.240,4,13,Gold Coast,9111,857,8.598,0.094,0.119,0.0696,South East,0.6147,0.0093
2024-04-01,48,MUNDUBBERA DENTAL CLINIC,142,17,10.700,0.120,8,25,Wide Bay,11501,966,7.748,0.084,0.012,0.0878,South East,0.6147,0.0011
2024-04-01,47,MARYBOROUGH DENTAL CLINIC,2703,75,2.700,0.028,36,107,Wide Bay,11501,966,7.748,0.084,0.235,0.0878,South East,0.6147,0.0193
2024-04-01,46,GAYNDAH DENTAL CLINIC,325,48,12.900,0.148,7,20,Wide Bay,11501,966,7.748,0.084,0.028,0.0878,South East,0.6147,0.0026
2024-04-01,44,HERVEY BAY DENTAL CLINIC,4054,565,12.200,0.139,7,22,Wide Bay,11501,966,7.748,0.084,0.352,0.0878,South East,0.6147,0.0320
2024-04-01,8,PALM BEACH DENTAL CLINIC,587,0,0.000,0.000,NULL,NULL,Gold Coast,9111,857,8.598,0.094,0.064,0.0696,South East,0.6147,0.0041
2024-04-01,142,GCUH DENTAL CLINIC,94,44,31.900,0.468,2,6,Gold Coast,9111,857,8.598,0.094,0.010,0.0696,South East,0.6147,0.0010
2024-04-01,129,SURAT DENTAL CLINIC,26,0,0.000,0.000,NULL,NULL,South West,1058,262,19.848,0.248,0.025,0.0081,South West,0.1580,0.0002
2024-04-01,123,DIRRANBANDI DENTAL CLINIC,10,1,9.100,0.100,10,30,South West,1058,262,19.848,0.248,0.009,0.0081,South West,0.1580,0.0001
2024-04-01,124,INJUNE DENTAL CLINIC,22,7,24.100,0.318,3,9,South West,1058,262,19.848,0.248,0.021,0.0081,South West,0.1580,0.0002
2024-04-01,125,MITCHELL DENTAL CLINIC,95,7,6.900,0.074,14,41,South West,1058,262,19.848,0.248,0.090,0.0081,South West,0.1580,0.0007
2024-04-01,127,MUNGINDI DENTAL CLINIC,14,1,6.700,0.071,14,42,South West,1058,262,19.848,0.248,0.013,0.0081,South West,0.1580,0.0001
2024-04-01,83,ESK DENTAL CLINIC,354,8,2.200,0.023,43,130,West Moreton,9524,270,2.757,0.028,0.037,0.0727,South West,0.1580,0.0025
2024-04-01,86,COLLINGWOOD PARK DENTAL C,1205,39,3.100,0.032,31,94,West Moreton,9524,270,2.757,0.028,0.127,0.0727,South West,0.1580,0.0086
2024-04-01,52,GATTON DENTAL CLINIC,3,0,0.000,0.000,NULL,NULL,West Moreton,9524,270,2.757,0.028,0.000,0.0727,South West,0.1580,0.0000
2024-04-01,87,IPSWICH DENTAL CLINIC,6022,170,2.700,0.028,36,107,West Moreton,9524,270,2.757,0.028,0.632,0.0727,South West,0.1580,0.0430
2024-04-01,85,LAIDLEY DENTAL CLINIC,1564,41,2.600,0.026,38,115,West Moreton,9524,270,2.757,0.028,0.164,0.0727,South West,0.1580,0.0111
2024-04-01,84,BOONAH DENTAL CLINIC,376,12,3.100,0.032,31,94,West Moreton,9524,270,2.757,0.028,0.039,0.0727,South West,0.1580,0.0027
2024-04-01,160,ST GEORGE DENTAL CLINIC,77,20,20.600,0.260,4,12,South West,1058,262,19.848,0.248,0.073,0.0081,South West,0.1580,0.0007
2024-04-01,128,QUILPIE DENTAL CLINIC,21,5,19.200,0.238,4,13,South West,1058,262,19.848,0.248,0.020,0.0081,South West,0.1580,0.0002
2024-04-01,62,CHARLEVILLE DENTAL CLINIC,196,55,21.900,0.281,4,11,South West,1058,262,19.848,0.248,0.185,0.0081,South West,0.1580,0.0017
2024-04-01,58,WARWICK DENTAL CLINIC,855,17,1.900,0.020,50,150,Darling Downs,10106,717,6.625,0.071,0.085,0.0772,South West,0.1580,0.0060
2024-04-01,57,STANTHORPE DENTAL CLINIC,827,47,5.400,0.057,18,53,Darling Downs,10106,717,6.625,0.071,0.082,0.0772,South West,0.1580,0.0061
2024-04-01,56,INGLEWOOD DENTAL CLINIC,124,24,16.200,0.194,5,15,Darling Downs,10106,717,6.625,0.071,0.012,0.0772,South West,0.1580,0.0010
2024-04-01,55,GOONDIWINDI DENTAL CLINIC,220,3,1.300,0.014,71,214,Darling Downs,10106,717,6.625,0.071,0.022,0.0772,South West,0.1580,0.0015
2024-04-01,54,TOOWOOMBA DENTAL CLINIC,4700,217,4.400,0.046,22,65,Darling Downs,10106,717,6.625,0.071,0.465,0.0772,South West,0.1580,0.0341
2024-04-01,63,CUNNAMULLA DENTAL CLINIC,89,16,15.200,0.180,6,17,South West,1058,262,19.848,0.248,0.084,0.0081,South West,0.1580,0.0007
2024-04-01,53,MILES DENTAL CLINIC,434,54,11.100,0.124,8,24,Darling Downs,10106,717,6.625,0.071,0.043,0.0772,South West,0.1580,0.0034
2024-04-01,60,DALBY DENTAL CLINIC,815,41,4.800,0.050,20,60,Darling Downs,10106,717,6.625,0.071,0.081,0.0772,South West,0.1580,0.0059
2024-04-01,45,KINGAROY DENTAL CLINIC,2131,314,12.800,0.147,7,20,Darling Downs,10106,717,6.625,0.071,0.211,0.0772,South West,0.1580,0.0170
2024-04-01,65,ROMA HOSPITAL DENTAL CLIN,508,150,22.800,0.295,3,10,South West,1058,262,19.848,0.248,0.480,0.0081,South West,0.1580,0.0046
2024-04-01,33,GLADSTONE DENTAL CLINIC,2036,306,13.100,0.150,7,20,Central Queensland,8170,1526,15.738,0.187,0.249,0.0624,Central,0.0741,0.0162
2024-04-01,37,CAPRICORN COAST DENTAL,1424,302,17.500,0.212,5,14,Central Queensland,8170,1526,15.738,0.187,0.174,0.0624,Central,0.0741,0.0120
2024-04-01,35,BILOELA DENTAL CLINIC,337,13,3.700,0.039,26,77,Central Queensland,8170,1526,15.738,0.187,0.041,0.0624,Central,0.0741,0.0024
2024-04-01,16,MT ISA DENTAL CLINIC,425,19,4.300,0.045,22,67,North West,554,70,11.218,0.126,0.767,0.0042,Central,0.0741,0.0031
2024-04-01,15,MORNINGTON ISLAND DENTAL,129,51,28.300,0.395,3,8,North West,554,70,11.218,0.126,0.233,0.0042,Central,0.0741,0.0012
2024-04-01,32,ROCKHAMPTON DENTAL CLINIC,3649,772,17.500,0.212,5,14,Central Queensland,8170,1526,15.738,0.187,0.447,0.0624,Central,0.0741,0.0307
2024-04-01,42,CENTRAL WEST DENTAL CLINICS,984,120,10.900,0.122,8,25,Central West,984,120,10.870,0.122,1.000,0.0075,Central,0.0741,0.0077
2024-07-01,10,ROBINA DENTAL CLINIC,1129,243,17.700,0.215,5,14,Gold Coast,9576,1038,9.780,0.108,0.118,0.0728,South East,0.6284,0.0092
2024-07-01,144,GC SOUTHPORT HEALTH PREC,7798,578,6.900,0.074,14,41,Gold Coast,9576,1038,9.780,0.108,0.814,0.0728,South East,0.6284,0.0561
2024-07-01,42,CENTRAL WEST DENTAL CLINICS,1020,125,10.900,0.123,8,24,Central West,1020,125,10.917,0.123,1.000,0.0077,Central,0.0712,0.0077
2024-07-01,35,BILOELA DENTAL CLINIC,368,15,3.900,0.041,24,73,Central Queensland,7970,1618,16.875,0.203,0.046,0.0606,Central,0.0712,0.0026
2024-07-01,118,MT MORGAN DENTAL CLINIC,127,47,27.000,0.370,3,8,Central Queensland,7970,1618,16.875,0.203,0.016,0.0606,Central,0.0712,0.0012
2024-07-01,36,EMERALD DENTAL CLINIC,462,197,29.900,0.426,2,7,Central Queensland,7970,1618,16.875,0.203,0.058,0.0606,Central,0.0712,0.0044
2024-07-01,37,CAPRICORN COAST DENTAL,1356,275,16.900,0.203,5,15,Central Queensland,7970,1618,16.875,0.203,0.170,0.0606,Central,0.0712,0.0109
2024-07-01,33,GLADSTONE DENTAL CLINIC,2088,214,9.300,0.102,10,29,Central Queensland,7970,1618,16.875,0.203,0.262,0.0606,Central,0.0712,0.0154
2024-07-01,32,ROCKHAMPTON DENTAL CLINIC,3569,870,19.600,0.244,4,12,Central Queensland,7970,1618,16.875,0.203,0.448,0.0606,Central,0.0712,0.0297
2024-07-01,15,MORNINGTON ISLAND DENTAL,119,7,5.600,0.059,17,51,North West,388,187,32.522,0.482,0.307,0.0029,Central,0.0712,0.0008
2024-07-01,16,MT ISA DENTAL CLINIC,269,180,40.100,0.669,1,4,North West,388,187,32.522,0.482,0.693,0.0029,Central,0.0712,0.0030
2024-07-01,171,KALLANGUR SATELLITE CLINI,2627,15,0.600,0.006,167,500,Metro North,17927,1967,9.887,0.110,0.147,0.1362,South East,0.6284,0.0177
2024-07-01,7,CABOOLTURE DENTAL CLINIC,5157,33,0.600,0.006,167,500,Metro North,17927,1967,9.887,0.110,0.288,0.1362,South East,0.6284,0.0347
2024-07-01,6,REDCLIFFE DENTAL CLINIC,2958,9,0.300,0.003,333,1000,Metro North,17927,1967,9.887,0.110,0.165,0.1362,South East,0.6284,0.0199
2024-07-01,89,STAFFORD DENTAL CLINIC,2466,730,22.800,0.296,3,10,Metro North,17927,1967,9.887,0.110,0.138,0.1362,South East,0.6284,0.0214
2024-07-01,88,ORAL HEALTH CENTRE,3310,1060,24.300,0.320,3,9,Metro North,17927,1967,9.887,0.110,0.185,0.1362,South East,0.6284,0.0293
2024-07-01,94,SANDGATE DENTAL CLINIC,1409,107,7.100,0.076,13,39,Metro North,17927,1967,9.887,0.110,0.079,0.1362,South East,0.6284,0.0101
2024-07-01,157,BEENLEIGH BEAUDESERT CLUS,9998,876,8.100,0.088,11,34,Metro South,32072,3275,9.265,0.102,0.312,0.2437,South East,0.6284,0.0728
2024-07-01,155,BAYSIDE CLUSTER,5495,724,11.600,0.132,8,23,Metro South,32072,3275,9.265,0.102,0.171,0.2437,South East,0.6284,0.0416
2024-07-01,154,NATHAN INALA CLUSTER,5853,634,9.800,0.108,9,28,Metro South,32072,3275,9.265,0.102,0.182,0.2437,South East,0.6284,0.0434
2024-07-01,152,MS INNER BRISBANE CLUSTER,5023,593,10.600,0.118,8,25,Metro South,32072,3275,9.265,0.102,0.157,0.2437,South East,0.6284,0.0376
2024-07-01,1,KAWANA DENTAL CLINIC,2935,257,8.100,0.088,11,34,Sunshine Coast,12339,1166,8.634,0.094,0.238,0.0937,South East,0.6284,0.0214
2024-07-01,2,CALOUNDRA DENTAL CLINIC,3454,372,9.700,0.108,9,28,Sunshine Coast,12339,1166,8.634,0.094,0.280,0.0937,South East,0.6284,0.0256
2024-07-01,30,EDMONTON DENTAL CLINIC,1233,167,11.900,0.135,7,22,Cairns and Hinterland,8548,1345,13.595,0.157,0.144,0.0649,North,0.1445,0.0094
2024-07-01,38,PROSERPINE DENTAL,813,327,28.700,0.402,2,7,Mackay,6286,2554,28.891,0.406,0.129,0.0478,North,0.1445,0.0076
2024-07-01,121,COLLINSVILLE DENTAL CLINI,28,28,50.000,1.000,1,3,Mackay,6286,2554,28.891,0.406,0.004,0.0478,North,0.1445,0.0004
2024-07-01,39,MACKAY DENTAL CLINIC,4593,1775,27.900,0.386,3,8,Mackay,6286,2554,28.891,0.406,0.731,0.0478,North,0.1445,0.0426
2024-07-01,13,BOWEN DENTAL CLINIC,812,373,31.500,0.459,2,7,Mackay,6286,2554,28.891,0.406,0.129,0.0478,North,0.1445,0.0079
2024-07-01,120,CLERMONT DENTAL CLINIC,40,51,56.000,1.275,1,2,Mackay,6286,2554,28.891,0.406,0.006,0.0478,North,0.1445,0.0006
2024-07-01,28,TULLY DENTAL CLINIC,621,77,11.000,0.124,8,24,Cairns and Hinterland,8548,1345,13.595,0.157,0.073,0.0649,North,0.1445,0.0047
2024-07-01,14,AYR DENTAL CLINIC,294,24,7.500,0.082,12,37,Townsville,3354,404,10.750,0.120,0.088,0.0255,North,0.1445,0.0021
2024-07-01,3,GYMPIE DENTAL CLINIC,2425,200,7.600,0.082,12,37,Sunshine Coast,12339,1166,8.634,0.094,0.197,0.0937,South East,0.6284,0.0176
2024-07-01,4,NAMBOUR DENTAL CLINIC,1848,200,9.800,0.108,9,28,Sunshine Coast,12339,1166,8.634,0.094,0.150,0.0937,South East,0.6284,0.0137
2024-07-01,5,NOOSA DENTAL CLINIC,1677,137,7.600,0.082,12,37,Sunshine Coast,12339,1166,8.634,0.094,0.136,0.0937,South East,0.6284,0.0121
2024-07-01,131,CHILDERS DENTAL CLINIC,263,15,5.400,0.057,18,53,Wide Bay,10803,1769,14.071,0.164,0.024,0.0821,South East,0.6284,0.0019
2024-07-01,47,MARYBOROUGH DENTAL CLINIC,2372,382,13.900,0.161,6,19,Wide Bay,10803,1769,14.071,0.164,0.220,0.0821,South East,0.6284,0.0184
2024-07-01,48,MUNDUBBERA DENTAL CLINIC,142,23,13.900,0.162,6,19,Wide Bay,10803,1769,14.071,0.164,0.013,0.0821,South East,0.6284,0.0011
2024-07-01,50,MONTO DENTAL CLINIC,61,8,11.600,0.131,8,23,Wide Bay,10803,1769,14.071,0.164,0.006,0.0821,South East,0.6284,0.0005
2024-07-01,46,GAYNDAH DENTAL CLINIC,338,67,16.500,0.198,5,15,Wide Bay,10803,1769,14.071,0.164,0.031,0.0821,South East,0.6284,0.0027
2024-07-01,51,BUNDABERG DENTAL CLINIC,3691,468,11.300,0.127,8,24,Wide Bay,10803,1769,14.071,0.164,0.342,0.0821,South East,0.6284,0.0278
2024-07-01,44,HERVEY BAY DENTAL CLINIC,3936,806,17.000,0.205,5,15,Wide Bay,10803,1769,14.071,0.164,0.364,0.0821,South East,0.6284,0.0317
2024-07-01,87,IPSWICH DENTAL CLINIC,5955,579,8.900,0.097,10,31,West Moreton,9226,985,9.646,0.107,0.645,0.0701,South West,0.1558,0.0437
2024-07-01,83,ESK DENTAL CLINIC,343,40,10.400,0.117,9,26,West Moreton,9226,985,9.646,0.107,0.037,0.0701,South West,0.1558,0.0026
2024-07-01,52,GATTON DENTAL CLINIC,3,0,0.000,0.000,NULL,NULL,West Moreton,9226,985,9.646,0.107,0.000,0.0701,South West,0.1558,0.0000
2024-07-01,85,LAIDLEY DENTAL CLINIC,1457,181,11.100,0.124,8,24,West Moreton,9226,985,9.646,0.107,0.158,0.0701,South West,0.1558,0.0110
2024-07-01,45,KINGAROY DENTAL CLINIC,2231,220,9.000,0.099,10,30,Darling Downs,10190,938,8.429,0.092,0.219,0.0774,South West,0.1558,0.0164
2024-07-01,55,GOONDIWINDI DENTAL CLINIC,194,12,5.800,0.062,16,48,Darling Downs,10190,938,8.429,0.092,0.019,0.0774,South West,0.1558,0.0014
2024-07-01,54,TOOWOOMBA DENTAL CLINIC,4715,381,7.500,0.081,12,37,Darling Downs,10190,938,8.429,0.092,0.463,0.0774,South West,0.1558,0.0341
2024-07-01,60,DALBY DENTAL CLINIC,814,49,5.700,0.060,17,50,Darling Downs,10190,938,8.429,0.092,0.080,0.0774,South West,0.1558,0.0058
2024-07-01,53,MILES DENTAL CLINIC,419,71,14.500,0.169,6,18,Darling Downs,10190,938,8.429,0.092,0.041,0.0774,South West,0.1558,0.0033
2024-07-01,56,INGLEWOOD DENTAL CLINIC,107,40,27.200,0.374,3,8,Darling Downs,10190,938,8.429,0.092,0.011,0.0774,South West,0.1558,0.0010
2024-07-01,57,STANTHORPE DENTAL CLINIC,834,92,9.900,0.110,9,27,Darling Downs,10190,938,8.429,0.092,0.082,0.0774,South West,0.1558,0.0062
2024-07-01,24,INNISFAIL DENTAL CLINIC,949,143,13.100,0.151,7,20,Cairns and Hinterland,8548,1345,13.595,0.157,0.111,0.0649,North,0.1445,0.0073
2024-07-01,23,ATHERTON DENTAL CLINIC,792,98,11.000,0.124,8,24,Cairns and Hinterland,8548,1345,13.595,0.157,0.093,0.0649,North,0.1445,0.0060
2024-07-01,21,MOSSMAN DENTAL CLINIC,429,66,13.300,0.154,6,19,Cairns and Hinterland,8548,1345,13.595,0.157,0.050,0.0649,North,0.1445,0.0033
2024-07-01,19,CHARTERS TOWERS DENTAL CL,186,26,12.300,0.140,7,21,Townsville,3354,404,10.750,0.120,0.055,0.0255,North,0.1445,0.0014
2024-07-01,27,SMITHFIELD DENTAL CLINIC,868,137,13.600,0.158,6,19,Cairns and Hinterland,8548,1345,13.595,0.157,0.102,0.0649,North,0.1445,0.0067
2024-07-01,81,HUGHENDEN DENTAL CLINIC,9,1,10.000,0.111,9,27,Townsville,3354,404,10.750,0.120,0.003,0.0255,North,0.1445,0.0001
2024-07-01,130,RICHMOND DENTAL CLINIC,4,1,20.000,0.250,4,12,Townsville,3354,404,10.750,0.120,0.001,0.0255,North,0.1445,0.0000
2024-07-01,17,INGHAM DENTAL CLINIC,323,46,12.500,0.142,7,21,Townsville,3354,404,10.750,0.120,0.096,0.0255,North,0.1445,0.0025
2024-07-01,20,TOWNSVILLE DENTAL CLINIC,2538,306,10.800,0.121,8,25,Townsville,3354,404,10.750,0.120,0.757,0.0255,North,0.1445,0.0190
2024-07-01,107,CAPE YORK DENTAL CLINIC,557,28,4.800,0.050,20,60,Torres and Cape,829,100,10.764,0.121,0.672,0.0063,North,0.1445,0.0039
2024-07-01,150,TORRES STRAIT DENTAL CLINIC,272,72,20.900,0.265,4,11,Torres and Cape,829,100,10.764,0.121,0.328,0.0063,North,0.1445,0.0023
2024-07-01,25,MAREEBA DENTAL CLINIC,1024,180,15.000,0.176,6,17,Cairns and Hinterland,8548,1345,13.595,0.157,0.120,0.0649,North,0.1445,0.0081
2024-07-01,58,WARWICK DENTAL CLINIC,876,73,7.700,0.083,12,36,Darling Downs,10190,938,8.429,0.092,0.086,0.0774,South West,0.1558,0.0064
2024-07-01,123,DIRRANBANDI DENTAL CLINIC,13,7,35.000,0.538,2,6,South West,1096,352,24.309,0.321,0.012,0.0083,South West,0.1558,0.0001
2024-07-01,84,BOONAH DENTAL CLINIC,335,57,14.500,0.170,6,18,West Moreton,9226,985,9.646,0.107,0.036,0.0701,South West,0.1558,0.0026
2024-07-01,65,ROMA HOSPITAL DENTAL CLIN,559,181,24.500,0.324,3,9,South West,1096,352,24.309,0.321,0.510,0.0083,South West,0.1558,0.0050
2024-07-01,86,COLLINGWOOD PARK DENTAL C,1133,128,10.200,0.113,9,27,West Moreton,9226,985,9.646,0.107,0.123,0.0701,South West,0.1558,0.0084
2024-07-01,64,THARGOMINDAH DENTAL SERVI,2,0,0.000,0.000,NULL,NULL,South West,1096,352,24.309,0.321,0.002,0.0083,South West,0.1558,0.0000
2024-07-01,63,CUNNAMULLA DENTAL CLINIC,99,31,23.800,0.313,3,10,South West,1096,352,24.309,0.321,0.090,0.0083,South West,0.1558,0.0009
2024-07-01,62,CHARLEVILLE DENTAL CLINIC,200,84,29.600,0.420,2,7,South West,1096,352,24.309,0.321,0.182,0.0083,South West,0.1558,0.0019
2024-07-01,124,INJUNE DENTAL CLINIC,19,0,0.000,0.000,NULL,NULL,South West,1096,352,24.309,0.321,0.017,0.0083,South West,0.1558,0.0001
2024-07-01,160,ST GEORGE DENTAL CLINIC,66,19,22.400,0.288,3,10,South West,1096,352,24.309,0.321,0.060,0.0083,South West,0.1558,0.0006
2024-07-01,129,SURAT DENTAL CLINIC,24,0,0.000,0.000,NULL,NULL,South West,1096,352,24.309,0.321,0.022,0.0083,South West,0.1558,0.0002
2024-07-01,128,QUILPIE DENTAL CLINIC,29,10,25.600,0.345,3,9,South West,1096,352,24.309,0.321,0.026,0.0083,South West,0.1558,0.0003
2024-07-01,127,MUNGINDI DENTAL CLINIC,12,6,33.300,0.500,2,6,South West,1096,352,24.309,0.321,0.011,0.0083,South West,0.1558,0.0001
2024-07-01,26,CAIRNS NTH DENTAL CLINIC,2632,418,13.700,0.159,6,19,Cairns and Hinterland,8548,1345,13.595,0.157,0.308,0.0649,North,0.1445,0.0204
2024-07-01,125,MITCHELL DENTAL CLINIC,73,14,16.100,0.192,5,16,South West,1096,352,24.309,0.321,0.067,0.0083,South West,0.1558,0.0006
2024-07-01,156,KINGSTON LOGAN CLUSTER,5703,448,7.300,0.079,13,38,Metro South,32072,3275,9.265,0.102,0.178,0.2437,South East,0.6284,0.0412
2024-07-01,142,GCUH DENTAL CLINIC,127,16,11.200,0.126,8,24,Gold Coast,9576,1038,9.780,0.108,0.013,0.0728,South East,0.6284,0.0010
2024-07-01,8,PALM BEACH DENTAL CLINIC,522,201,27.800,0.385,3,8,Gold Coast,9576,1038,9.780,0.108,0.055,0.0728,South East,0.6284,0.0048
2024-10-01,130,RICHMOND DENTAL CLINIC,5,1,16.700,0.200,5,15,Townsville,3457,329,8.690,0.095,0.001,0.0254,North,0.1504,0.0000
2024-10-01,81,HUGHENDEN DENTAL CLINIC,15,2,11.800,0.133,8,23,Townsville,3457,329,8.690,0.095,0.004,0.0254,North,0.1504,0.0001
2024-10-01,19,CHARTERS TOWERS DENTAL CL,153,49,24.300,0.320,3,9,Townsville,3457,329,8.690,0.095,0.044,0.0254,North,0.1504,0.0014
2024-10-01,17,INGHAM DENTAL CLINIC,347,42,10.800,0.121,8,25,Townsville,3457,329,8.690,0.095,0.100,0.0254,North,0.1504,0.0026
2024-10-01,26,CAIRNS NTH DENTAL CLINIC,2722,357,11.600,0.131,8,23,Cairns and Hinterland,9252,996,9.719,0.108,0.294,0.0679,North,0.1504,0.0207
2024-10-01,30,EDMONTON DENTAL CLINIC,1355,166,10.900,0.123,8,24,Cairns and Hinterland,9252,996,9.719,0.108,0.146,0.0679,North,0.1504,0.0102
2024-10-01,24,INNISFAIL DENTAL CLINIC,1090,57,5.000,0.052,19,58,Cairns and Hinterland,9252,996,9.719,0.108,0.118,0.0679,North,0.1504,0.0077
2024-10-01,25,MAREEBA DENTAL CLINIC,1127,107,8.700,0.095,11,32,Cairns and Hinterland,9252,996,9.719,0.108,0.122,0.0679,North,0.1504,0.0083
2024-10-01,21,MOSSMAN DENTAL CLINIC,487,52,9.600,0.107,9,28,Cairns and Hinterland,9252,996,9.719,0.108,0.053,0.0679,North,0.1504,0.0036
2024-10-01,28,TULLY DENTAL CLINIC,700,40,5.400,0.057,18,53,Cairns and Hinterland,9252,996,9.719,0.108,0.076,0.0679,North,0.1504,0.0050
2024-10-01,23,ATHERTON DENTAL CLINIC,901,64,6.600,0.071,14,42,Cairns and Hinterland,9252,996,9.719,0.108,0.097,0.0679,North,0.1504,0.0065
2024-10-01,135,YARRABAH DENTAL CLINIC,3,56,94.900,18.667,0,0,Cairns and Hinterland,9252,996,9.719,0.108,0.000,0.0679,North,0.1504,0.0004
2024-10-01,27,SMITHFIELD DENTAL CLINIC,867,95,9.900,0.110,9,27,Cairns and Hinterland,9252,996,9.719,0.108,0.094,0.0679,North,0.1504,0.0065
2024-10-01,65,ROMA HOSPITAL DENTAL CLIN,553,179,24.500,0.324,3,9,South West,1118,302,21.268,0.270,0.495,0.0082,South West,0.1559,0.0049
2024-10-01,94,SANDGATE DENTAL CLINIC,1570,74,4.500,0.047,21,64,Metro North,20168,477,2.310,0.024,0.078,0.1480,South East,0.6195,0.0111
2024-10-01,142,GCUH DENTAL CLINIC,127,12,8.600,0.094,11,32,Gold Coast,10069,993,8.977,0.099,0.013,0.0739,South East,0.6195,0.0009
2024-10-01,8,PALM BEACH DENTAL CLINIC,622,168,21.300,0.270,4,11,Gold Coast,10069,993,8.977,0.099,0.062,0.0739,South East,0.6195,0.0053
2024-10-01,144,GC SOUTHPORT HEALTH PREC,8081,561,6.500,0.069,14,43,Gold Coast,10069,993,8.977,0.099,0.803,0.0739,South East,0.6195,0.0581
2024-10-01,10,ROBINA DENTAL CLINIC,1239,252,16.900,0.203,5,15,Gold Coast,10069,993,8.977,0.099,0.123,0.0739,South East,0.6195,0.0100
2024-10-01,171,KALLANGUR SATELLITE CLINI,2994,12,0.400,0.004,250,750,Metro North,20168,477,2.310,0.024,0.148,0.1480,South East,0.6195,0.0202
2024-10-01,6,REDCLIFFE DENTAL CLINIC,3202,5,0.200,0.002,500,1500,Metro North,20168,477,2.310,0.024,0.159,0.1480,South East,0.6195,0.0216
2024-10-01,155,BAYSIDE CLUSTER,5406,740,12.000,0.137,7,22,Metro South,31074,3200,9.337,0.103,0.174,0.2281,South East,0.6195,0.0413
2024-10-01,156,KINGSTON LOGAN CLUSTER,5444,344,5.900,0.063,16,48,Metro South,31074,3200,9.337,0.103,0.175,0.2281,South East,0.6195,0.0389
2024-10-01,157,BEENLEIGH BEAUDESERT CLUS,9572,1009,9.500,0.105,10,29,Metro South,31074,3200,9.337,0.103,0.308,0.2281,South East,0.6195,0.0712
2024-10-01,152,MS INNER BRISBANE CLUSTER,4906,519,9.600,0.106,9,28,Metro South,31074,3200,9.337,0.103,0.158,0.2281,South East,0.6195,0.0365
2024-10-01,154,NATHAN INALA CLUSTER,5746,588,9.300,0.102,10,29,Metro South,31074,3200,9.337,0.103,0.185,0.2281,South East,0.6195,0.0426
2024-10-01,2,CALOUNDRA DENTAL CLINIC,3235,383,10.600,0.118,8,25,Sunshine Coast,11360,1564,12.102,0.138,0.285,0.0834,South East,0.6195,0.0243
2024-10-01,3,GYMPIE DENTAL CLINIC,2281,291,11.300,0.128,8,23,Sunshine Coast,11360,1564,12.102,0.138,0.201,0.0834,South East,0.6195,0.0173
2024-10-01,4,NAMBOUR DENTAL CLINIC,1642,268,14.000,0.163,6,18,Sunshine Coast,11360,1564,12.102,0.138,0.145,0.0834,South East,0.6195,0.0128
2024-10-01,89,STAFFORD DENTAL CLINIC,2785,117,4.000,0.042,24,71,Metro North,20168,477,2.310,0.024,0.138,0.1480,South East,0.6195,0.0195
2024-10-01,7,CABOOLTURE DENTAL CLINIC,5826,6,0.100,0.001,1000,3000,Metro North,20168,477,2.310,0.024,0.289,0.1480,South East,0.6195,0.0392
2024-10-01,48,MUNDUBBERA DENTAL CLINIC,133,17,11.300,0.128,8,23,Wide Bay,11732,773,6.182,0.066,0.011,0.0861,South East,0.6195,0.0010
2024-10-01,50,MONTO DENTAL CLINIC,60,10,14.300,0.167,6,18,Wide Bay,11732,773,6.182,0.066,0.005,0.0861,South East,0.6195,0.0005
2024-10-01,51,BUNDABERG DENTAL CLINIC,3830,232,5.700,0.061,16,49,Wide Bay,11732,773,6.182,0.066,0.326,0.0861,South East,0.6195,0.0273
2024-10-01,44,HERVEY BAY DENTAL CLINIC,4468,295,6.200,0.066,15,45,Wide Bay,11732,773,6.182,0.066,0.381,0.0861,South East,0.6195,0.0320
2024-10-01,131,CHILDERS DENTAL CLINIC,273,20,6.800,0.073,14,41,Wide Bay,11732,773,6.182,0.066,0.023,0.0861,South East,0.6195,0.0020
2024-10-01,46,GAYNDAH DENTAL CLINIC,347,60,14.700,0.173,6,17,Wide Bay,11732,773,6.182,0.066,0.030,0.0861,South East,0.6195,0.0027
2024-10-01,47,MARYBOROUGH DENTAL CLINIC,2621,139,5.000,0.053,19,57,Wide Bay,11732,773,6.182,0.066,0.223,0.0861,South East,0.6195,0.0186
2024-10-01,1,KAWANA DENTAL CLINIC,2768,371,11.800,0.134,7,22,Sunshine Coast,11360,1564,12.102,0.138,0.244,0.0834,South East,0.6195,0.0211
2024-10-01,5,NOOSA DENTAL CLINIC,1434,251,14.900,0.175,6,17,Sunshine Coast,11360,1564,12.102,0.138,0.126,0.0834,South East,0.6195,0.0113
2024-10-01,88,ORAL HEALTH CENTRE,3791,256,6.300,0.068,15,44,Metro North,20168,477,2.310,0.024,0.188,0.1480,South East,0.6195,0.0272
2024-10-01,15,MORNINGTON ISLAND DENTAL,118,4,3.300,0.034,29,88,North West,446,19,4.086,0.043,0.265,0.0033,Central,0.0742,0.0008
2024-10-01,37,CAPRICORN COAST DENTAL,1422,196,12.100,0.138,7,22,Central Queensland,8593,1115,11.485,0.130,0.165,0.0631,Central,0.0742,0.0109
2024-10-01,32,ROCKHAMPTON DENTAL CLINIC,3902,590,13.100,0.151,7,20,Central Queensland,8593,1115,11.485,0.130,0.454,0.0631,Central,0.0742,0.0302
2024-10-01,33,GLADSTONE DENTAL CLINIC,2256,185,7.600,0.082,12,37,Central Queensland,8593,1115,11.485,0.130,0.263,0.0631,Central,0.0742,0.0164
2024-10-01,36,EMERALD DENTAL CLINIC,524,89,14.500,0.170,6,18,Central Queensland,8593,1115,11.485,0.130,0.061,0.0631,Central,0.0742,0.0041
2024-10-01,118,MT MORGAN DENTAL CLINIC,138,17,11.000,0.123,8,24,Central Queensland,8593,1115,11.485,0.130,0.016,0.0631,Central,0.0742,0.0010
2024-10-01,35,BILOELA DENTAL CLINIC,351,38,9.800,0.108,9,28,Central Queensland,8593,1115,11.485,0.130,0.041,0.0631,Central,0.0742,0.0026
2024-10-01,42,CENTRAL WEST DENTAL CLINICS,1064,185,14.800,0.174,6,17,Central West,1064,185,14.812,0.174,1.000,0.0078,Central,0.0742,0.0084
2024-10-01,16,MT ISA DENTAL CLINIC,328,15,4.400,0.046,22,65,North West,446,19,4.086,0.043,0.735,0.0033,Central,0.0742,0.0023
2024-10-01,123,DIRRANBANDI DENTAL CLINIC,11,0,0.000,0.000,NULL,NULL,South West,1118,302,21.268,0.270,0.010,0.0082,South West,0.1559,0.0001
2024-10-01,60,DALBY DENTAL CLINIC,747,64,7.900,0.086,12,35,Darling Downs,10084,757,6.983,0.075,0.074,0.0740,South West,0.1559,0.0055
2024-10-01,45,KINGAROY DENTAL CLINIC,2362,80,3.300,0.034,29,88,Darling Downs,10084,757,6.983,0.075,0.234,0.0740,South West,0.1559,0.0164
2024-10-01,54,TOOWOOMBA DENTAL CLINIC,4637,292,5.900,0.063,16,48,Darling Downs,10084,757,6.983,0.075,0.460,0.0740,South West,0.1559,0.0332
2024-10-01,57,STANTHORPE DENTAL CLINIC,771,86,10.000,0.112,9,27,Darling Downs,10084,757,6.983,0.075,0.076,0.0740,South West,0.1559,0.0058
2024-10-01,53,MILES DENTAL CLINIC,455,100,18.000,0.220,5,14,Darling Downs,10084,757,6.983,0.075,0.045,0.0740,South West,0.1559,0.0037
2024-10-01,56,INGLEWOOD DENTAL CLINIC,95,26,21.500,0.274,4,11,Darling Downs,10084,757,6.983,0.075,0.009,0.0740,South West,0.1559,0.0008
2024-10-01,58,WARWICK DENTAL CLINIC,850,73,7.900,0.086,12,35,Darling Downs,10084,757,6.983,0.075,0.084,0.0740,South West,0.1559,0.0062
2024-10-01,55,GOONDIWINDI DENTAL CLINIC,167,36,17.700,0.216,5,14,Darling Downs,10084,757,6.983,0.075,0.017,0.0740,South West,0.1559,0.0014
2024-10-01,124,INJUNE DENTAL CLINIC,16,0,0.000,0.000,NULL,NULL,South West,1118,302,21.268,0.270,0.014,0.0082,South West,0.1559,0.0001
2024-10-01,125,MITCHELL DENTAL CLINIC,75,14,15.700,0.187,5,16,South West,1118,302,21.268,0.270,0.067,0.0082,South West,0.1559,0.0006
2024-10-01,127,MUNGINDI DENTAL CLINIC,15,0,0.000,0.000,NULL,NULL,South West,1118,302,21.268,0.270,0.013,0.0082,South West,0.1559,0.0001
2024-10-01,85,LAIDLEY DENTAL CLINIC,1602,77,4.600,0.048,21,62,West Moreton,10032,453,4.320,0.045,0.160,0.0736,South West,0.1559,0.0113
2024-10-01,87,IPSWICH DENTAL CLINIC,6449,273,4.100,0.042,24,71,West Moreton,10032,453,4.320,0.045,0.643,0.0736,South West,0.1559,0.0452
2024-10-01,86,COLLINGWOOD PARK DENTAL C,1234,66,5.100,0.053,19,57,West Moreton,10032,453,4.320,0.045,0.123,0.0736,South West,0.1559,0.0087
2024-10-01,84,BOONAH DENTAL CLINIC,373,29,7.200,0.078,13,38,West Moreton,10032,453,4.320,0.045,0.037,0.0736,South West,0.1559,0.0027
2024-10-01,83,ESK DENTAL CLINIC,367,8,2.100,0.022,45,136,West Moreton,10032,453,4.320,0.045,0.037,0.0736,South West,0.1559,0.0025
2024-10-01,52,GATTON DENTAL CLINIC,7,0,0.000,0.000,NULL,NULL,West Moreton,10032,453,4.320,0.045,0.001,0.0736,South West,0.1559,0.0000
2024-10-01,128,QUILPIE DENTAL CLINIC,26,0,0.000,0.000,NULL,NULL,South West,1118,302,21.268,0.270,0.023,0.0082,South West,0.1559,0.0002
2024-10-01,129,SURAT DENTAL CLINIC,23,0,0.000,0.000,NULL,NULL,South West,1118,302,21.268,0.270,0.021,0.0082,South West,0.1559,0.0002
2024-10-01,160,ST GEORGE DENTAL CLINIC,61,14,18.700,0.230,4,13,South West,1118,302,21.268,0.270,0.055,0.0082,South West,0.1559,0.0005
2024-10-01,62,CHARLEVILLE DENTAL CLINIC,230,83,26.500,0.361,3,8,South West,1118,302,21.268,0.270,0.206,0.0082,South West,0.1559,0.0021
2024-10-01,63,CUNNAMULLA DENTAL CLINIC,97,12,11.000,0.124,8,24,South West,1118,302,21.268,0.270,0.087,0.0082,South West,0.1559,0.0007
2024-10-01,64,THARGOMINDAH DENTAL SERVI,11,0,0.000,0.000,NULL,NULL,South West,1118,302,21.268,0.270,0.010,0.0082,South West,0.1559,0.0001
2024-10-01,107,CAPE YORK DENTAL CLINIC,543,18,3.200,0.033,30,91,Torres and Cape,797,54,6.345,0.068,0.681,0.0059,North,0.1504,0.0038
2024-10-01,150,TORRES STRAIT DENTAL CLINIC,254,36,12.400,0.142,7,21,Torres and Cape,797,54,6.345,0.068,0.319,0.0059,North,0.1504,0.0020
2024-10-01,120,CLERMONT DENTAL CLINIC,40,0,0.000,0.000,NULL,NULL,Mackay,6990,1209,14.746,0.173,0.006,0.0513,North,0.1504,0.0003
2024-10-01,39,MACKAY DENTAL CLINIC,4977,946,16.000,0.190,5,16,Mackay,6990,1209,14.746,0.173,0.712,0.0513,North,0.1504,0.0398
2024-10-01,13,BOWEN DENTAL CLINIC,882,148,14.400,0.168,6,18,Mackay,6990,1209,14.746,0.173,0.126,0.0513,North,0.1504,0.0069
2024-10-01,121,COLLINSVILLE DENTAL CLINI,36,26,41.900,0.722,1,4,Mackay,6990,1209,14.746,0.173,0.005,0.0513,North,0.1504,0.0004
2024-10-01,38,PROSERPINE DENTAL,1055,89,7.800,0.084,12,36,Mackay,6990,1209,14.746,0.173,0.151,0.0513,North,0.1504,0.0077
2024-10-01,14,AYR DENTAL CLINIC,319,30,8.600,0.094,11,32,Townsville,3457,329,8.690,0.095,0.092,0.0254,North,0.1504,0.0023
2024-10-01,20,TOWNSVILLE DENTAL CLINIC,2618,205,7.300,0.078,13,38,Townsville,3457,329,8.690,0.095,0.757,0.0254,North,0.1504,0.0190
2025-01-01,124,INJUNE DENTAL CLINIC,18,8,30.800,0.444,2,7,South West,1230,410,25.000,0.333,0.015,0.0088,South West,0.1536,0.0002
2025-01-01,123,DIRRANBANDI DENTAL CLINIC,16,3,15.800,0.188,5,16,South West,1230,410,25.000,0.333,0.013,0.0088,South West,0.1536,0.0001
2025-01-01,84,BOONAH DENTAL CLINIC,346,15,4.200,0.043,23,70,West Moreton,9953,312,3.039,0.031,0.035,0.0710,South West,0.1536,0.0024
2025-01-01,83,ESK DENTAL CLINIC,352,8,2.200,0.023,43,130,West Moreton,9953,312,3.039,0.031,0.035,0.0710,South West,0.1536,0.0024
2025-01-01,52,GATTON DENTAL CLINIC,7,0,0.000,0.000,NULL,NULL,West Moreton,9953,312,3.039,0.031,0.001,0.0710,South West,0.1536,0.0000
2025-01-01,86,COLLINGWOOD PARK DENTAL C,1231,35,2.800,0.028,36,107,West Moreton,9953,312,3.039,0.031,0.124,0.0710,South West,0.1536,0.0083
2025-01-01,87,IPSWICH DENTAL CLINIC,6452,198,3.000,0.031,32,97,West Moreton,9953,312,3.039,0.031,0.648,0.0710,South West,0.1536,0.0435
2025-01-01,171,KALLANGUR SATELLITE CLINI,3259,7,0.200,0.002,500,1500,Metro North,21169,811,3.690,0.038,0.154,0.1510,South East,0.6274,0.0214
2025-01-01,6,REDCLIFFE DENTAL CLINIC,3416,9,0.300,0.003,333,1000,Metro North,21169,811,3.690,0.038,0.161,0.1510,South East,0.6274,0.0224
2025-01-01,7,CABOOLTURE DENTAL CLINIC,6342,9,0.100,0.001,1000,3000,Metro North,21169,811,3.690,0.038,0.300,0.1510,South East,0.6274,0.0415
2025-01-01,25,MAREEBA DENTAL CLINIC,1081,109,9.200,0.101,10,30,Cairns and Hinterland,9599,798,7.675,0.083,0.113,0.0685,North,0.1456,0.0078
2025-01-01,26,CAIRNS NTH DENTAL CLINIC,3026,160,5.000,0.053,19,57,Cairns and Hinterland,9599,798,7.675,0.083,0.315,0.0685,North,0.1456,0.0208
2025-01-01,30,EDMONTON DENTAL CLINIC,1380,111,7.400,0.080,13,38,Cairns and Hinterland,9599,798,7.675,0.083,0.144,0.0685,North,0.1456,0.0098
2025-01-01,27,SMITHFIELD DENTAL CLINIC,946,78,7.600,0.082,12,37,Cairns and Hinterland,9599,798,7.675,0.083,0.099,0.0685,North,0.1456,0.0067
2025-01-01,81,HUGHENDEN DENTAL CLINIC,19,1,5.000,0.053,19,57,Townsville,3477,461,11.706,0.133,0.005,0.0248,North,0.1456,0.0001
2025-01-01,21,MOSSMAN DENTAL CLINIC,566,9,1.600,0.016,63,188,Cairns and Hinterland,9599,798,7.675,0.083,0.059,0.0685,North,0.1456,0.0038
2025-01-01,14,AYR DENTAL CLINIC,297,31,9.500,0.104,10,29,Townsville,3477,461,11.706,0.133,0.085,0.0248,North,0.1456,0.0021
2025-01-01,20,TOWNSVILLE DENTAL CLINIC,2602,395,13.200,0.152,7,20,Townsville,3477,461,11.706,0.133,0.748,0.0248,North,0.1456,0.0196
2025-01-01,121,COLLINSVILLE DENTAL CLINI,39,1,2.500,0.026,38,115,Mackay,6506,1381,17.510,0.212,0.006,0.0464,North,0.1456,0.0003
2025-01-01,13,BOWEN DENTAL CLINIC,870,336,27.900,0.386,3,8,Mackay,6506,1381,17.510,0.212,0.134,0.0464,North,0.1456,0.0079
2025-01-01,38,PROSERPINE DENTAL,1061,235,18.100,0.221,5,14,Mackay,6506,1381,17.510,0.212,0.163,0.0464,North,0.1456,0.0085
2025-01-01,39,MACKAY DENTAL CLINIC,4512,785,14.800,0.174,6,17,Mackay,6506,1381,17.510,0.212,0.694,0.0464,North,0.1456,0.0347
2025-01-01,120,CLERMONT DENTAL CLINIC,24,24,50.000,1.000,1,3,Mackay,6506,1381,17.510,0.212,0.004,0.0464,North,0.1456,0.0003
2025-01-01,19,CHARTERS TOWERS DENTAL CL,181,15,7.700,0.083,12,36,Townsville,3477,461,11.706,0.133,0.052,0.0248,North,0.1456,0.0013
2025-01-01,130,RICHMOND DENTAL CLINIC,6,0,0.000,0.000,NULL,NULL,Townsville,3477,461,11.706,0.133,0.002,0.0248,North,0.1456,0.0000
2025-01-01,17,INGHAM DENTAL CLINIC,372,19,4.900,0.051,20,59,Townsville,3477,461,11.706,0.133,0.107,0.0248,North,0.1456,0.0026
2025-01-01,23,ATHERTON DENTAL CLINIC,915,68,6.900,0.074,14,41,Cairns and Hinterland,9599,798,7.675,0.083,0.095,0.0685,North,0.1456,0.0064
2025-01-01,28,TULLY DENTAL CLINIC,690,68,9.000,0.099,10,30,Cairns and Hinterland,9599,798,7.675,0.083,0.072,0.0685,North,0.1456,0.0050
2025-01-01,24,INNISFAIL DENTAL CLINIC,995,163,14.100,0.164,6,18,Cairns and Hinterland,9599,798,7.675,0.083,0.104,0.0685,North,0.1456,0.0076
2025-01-01,107,CAPE YORK DENTAL CLINIC,519,22,4.100,0.042,24,71,Torres and Cape,823,95,10.349,0.115,0.631,0.0059,North,0.1456,0.0035
2025-01-01,150,TORRES STRAIT DENTAL CLINIC,304,73,19.400,0.240,4,13,Torres and Cape,823,95,10.349,0.115,0.369,0.0059,North,0.1456,0.0025
2025-01-01,1,KAWANA DENTAL CLINIC,2875,309,9.700,0.107,9,28,Sunshine Coast,11709,1080,8.445,0.092,0.246,0.0835,South East,0.6274,0.0208
2025-01-01,4,NAMBOUR DENTAL CLINIC,1770,76,4.100,0.043,23,70,Sunshine Coast,11709,1080,8.445,0.092,0.151,0.0835,South East,0.6274,0.0121
2025-01-01,2,CALOUNDRA DENTAL CLINIC,3198,369,10.300,0.115,9,26,Sunshine Coast,11709,1080,8.445,0.092,0.273,0.0835,South East,0.6274,0.0233
2025-01-01,3,GYMPIE DENTAL CLINIC,2242,227,9.200,0.101,10,30,Sunshine Coast,11709,1080,8.445,0.092,0.191,0.0835,South East,0.6274,0.0162
2025-01-01,5,NOOSA DENTAL CLINIC,1624,98,5.700,0.060,17,50,Sunshine Coast,11709,1080,8.445,0.092,0.139,0.0835,South East,0.6274,0.0113
2025-01-01,131,CHILDERS DENTAL CLINIC,266,32,10.700,0.120,8,25,Wide Bay,11636,1093,8.587,0.094,0.023,0.0830,South East,0.6274,0.0019
2025-01-01,50,MONTO DENTAL CLINIC,61,8,11.600,0.131,8,23,Wide Bay,11636,1093,8.587,0.094,0.005,0.0830,South East,0.6274,0.0005
2025-01-01,46,GAYNDAH DENTAL CLINIC,360,36,9.100,0.100,10,30,Wide Bay,11636,1093,8.587,0.094,0.031,0.0830,South East,0.6274,0.0026
2025-01-01,51,BUNDABERG DENTAL CLINIC,3650,408,10.100,0.112,9,27,Wide Bay,11636,1093,8.587,0.094,0.314,0.0830,South East,0.6274,0.0265
2025-01-01,47,MARYBOROUGH DENTAL CLINIC,2503,341,12.000,0.136,7,22,Wide Bay,11636,1093,8.587,0.094,0.215,0.0830,South East,0.6274,0.0186
2025-01-01,155,BAYSIDE CLUSTER,5707,590,9.400,0.103,10,29,Metro South,33040,3011,8.352,0.091,0.173,0.2357,South East,0.6274,0.0412
2025-01-01,152,MS INNER BRISBANE CLUSTER,5138,587,10.300,0.114,9,26,Metro South,33040,3011,8.352,0.091,0.156,0.2357,South East,0.6274,0.0375
2025-01-01,154,NATHAN INALA CLUSTER,6164,555,8.300,0.090,11,33,Metro South,33040,3011,8.352,0.091,0.187,0.2357,South East,0.6274,0.0440
2025-01-01,156,KINGSTON LOGAN CLUSTER,5839,416,6.700,0.071,14,42,Metro South,33040,3011,8.352,0.091,0.177,0.2357,South East,0.6274,0.0409
2025-01-01,157,BEENLEIGH BEAUDESERT CLUS,10192,863,7.800,0.085,12,35,Metro South,33040,3011,8.352,0.091,0.308,0.2357,South East,0.6274,0.0723
2025-01-01,142,GCUH DENTAL CLINIC,156,19,10.900,0.122,8,25,Gold Coast,10387,973,8.565,0.094,0.015,0.0741,South East,0.6274,0.0011
2025-01-01,8,PALM BEACH DENTAL CLINIC,779,135,14.800,0.173,6,17,Gold Coast,10387,973,8.565,0.094,0.075,0.0741,South East,0.6274,0.0060
2025-01-01,10,ROBINA DENTAL CLINIC,1446,189,11.600,0.131,8,23,Gold Coast,10387,973,8.565,0.094,0.139,0.0741,South East,0.6274,0.0107
2025-01-01,144,GC SOUTHPORT HEALTH PREC,8006,630,7.300,0.079,13,38,Gold Coast,10387,973,8.565,0.094,0.771,0.0741,South East,0.6274,0.0565
2025-01-01,44,HERVEY BAY DENTAL CLINIC,4662,259,5.300,0.056,18,54,Wide Bay,11636,1093,8.587,0.094,0.401,0.0830,South East,0.6274,0.0322
2025-01-01,48,MUNDUBBERA DENTAL CLINIC,134,9,6.300,0.067,15,45,Wide Bay,11636,1093,8.587,0.094,0.012,0.0830,South East,0.6274,0.0009
2025-01-01,88,ORAL HEALTH CENTRE,3469,659,16.000,0.190,5,16,Metro North,21169,811,3.690,0.038,0.164,0.1510,South East,0.6274,0.0270
2025-01-01,94,SANDGATE DENTAL CLINIC,1752,84,4.600,0.048,21,62,Metro North,21169,811,3.690,0.038,0.083,0.1510,South East,0.6274,0.0120
2025-01-01,89,STAFFORD DENTAL CLINIC,2931,43,1.400,0.015,67,200,Metro North,21169,811,3.690,0.038,0.138,0.1510,South East,0.6274,0.0195
2025-01-01,85,LAIDLEY DENTAL CLINIC,1565,56,3.500,0.036,28,83,West Moreton,9953,312,3.039,0.031,0.157,0.0710,South West,0.1536,0.0106
2025-01-01,53,MILES DENTAL CLINIC,453,68,13.100,0.150,7,20,Darling Downs,10346,597,5.456,0.058,0.044,0.0738,South West,0.1536,0.0034
2025-01-01,55,GOONDIWINDI DENTAL CLINIC,132,71,35.000,0.538,2,6,Darling Downs,10346,597,5.456,0.058,0.013,0.0738,South West,0.1536,0.0013
2025-01-01,56,INGLEWOOD DENTAL CLINIC,107,28,20.700,0.262,4,11,Darling Downs,10346,597,5.456,0.058,0.010,0.0738,South West,0.1536,0.0009
2025-01-01,57,STANTHORPE DENTAL CLINIC,831,41,4.700,0.049,20,61,Darling Downs,10346,597,5.456,0.058,0.080,0.0738,South West,0.1536,0.0057
2025-01-01,58,WARWICK DENTAL CLINIC,892,18,2.000,0.020,50,150,Darling Downs,10346,597,5.456,0.058,0.086,0.0738,South West,0.1536,0.0060
2025-01-01,15,MORNINGTON ISLAND DENTAL,129,1,0.800,0.008,125,375,North West,492,60,10.870,0.122,0.262,0.0035,Central,0.0734,0.0009
2025-01-01,37,CAPRICORN COAST DENTAL,1374,223,14.000,0.162,6,19,Central Queensland,8636,1473,14.571,0.171,0.159,0.0616,Central,0.0734,0.0104
2025-01-01,36,EMERALD DENTAL CLINIC,454,155,25.500,0.341,3,9,Central Queensland,8636,1473,14.571,0.171,0.053,0.0616,Central,0.0734,0.0040
2025-01-01,33,GLADSTONE DENTAL CLINIC,2395,140,5.500,0.058,17,52,Central Queensland,8636,1473,14.571,0.171,0.277,0.0616,Central,0.0734,0.0166
2025-01-01,32,ROCKHAMPTON DENTAL CLINIC,3920,860,18.000,0.219,5,14,Central Queensland,8636,1473,14.571,0.171,0.454,0.0616,Central,0.0734,0.0313
2025-01-01,16,MT ISA DENTAL CLINIC,363,59,14.000,0.163,6,18,North West,492,60,10.870,0.122,0.738,0.0035,Central,0.0734,0.0028
2025-01-01,42,CENTRAL WEST DENTAL CLINICS,1162,171,12.800,0.147,7,20,Central West,1162,171,12.828,0.147,1.000,0.0083,Central,0.0734,0.0087
2025-01-01,35,BILOELA DENTAL CLINIC,356,51,12.500,0.143,7,21,Central Queensland,8636,1473,14.571,0.171,0.041,0.0616,Central,0.0734,0.0027
2025-01-01,118,MT MORGAN DENTAL CLINIC,137,44,24.300,0.321,3,9,Central Queensland,8636,1473,14.571,0.171,0.016,0.0616,Central,0.0734,0.0012
2025-01-01,60,DALBY DENTAL CLINIC,737,17,2.300,0.023,43,130,Darling Downs,10346,597,5.456,0.058,0.071,0.0738,South West,0.1536,0.0049
2025-01-01,45,KINGAROY DENTAL CLINIC,2327,143,5.800,0.061,16,49,Darling Downs,10346,597,5.456,0.058,0.225,0.0738,South West,0.1536,0.0162
2025-01-01,54,TOOWOOMBA DENTAL CLINIC,4867,211,4.200,0.043,23,70,Darling Downs,10346,597,5.456,0.058,0.470,0.0738,South West,0.1536,0.0332
2025-01-01,128,QUILPIE DENTAL CLINIC,27,12,30.800,0.444,2,7,South West,1230,410,25.000,0.333,0.022,0.0088,South West,0.1536,0.0003
2025-01-01,160,ST GEORGE DENTAL CLINIC,68,11,13.900,0.162,6,19,South West,1230,410,25.000,0.333,0.055,0.0088,South West,0.1536,0.0005
2025-01-01,129,SURAT DENTAL CLINIC,27,0,0.000,0.000,NULL,NULL,South West,1230,410,25.000,0.333,0.022,0.0088,South West,0.1536,0.0002
2025-01-01,62,CHARLEVILLE DENTAL CLINIC,298,100,25.100,0.336,3,9,South West,1230,410,25.000,0.333,0.242,0.0088,South West,0.1536,0.0026
2025-01-01,63,CUNNAMULLA DENTAL CLINIC,98,27,21.600,0.276,4,11,South West,1230,410,25.000,0.333,0.080,0.0088,South West,0.1536,0.0008
2025-01-01,64,THARGOMINDAH DENTAL SERVI,15,0,0.000,0.000,NULL,NULL,South West,1230,410,25.000,0.333,0.012,0.0088,South West,0.1536,0.0001
2025-01-01,65,ROMA HOSPITAL DENTAL CLIN,571,229,28.600,0.401,2,7,South West,1230,410,25.000,0.333,0.464,0.0088,South West,0.1536,0.0052
2025-01-01,127,MUNGINDI DENTAL CLINIC,19,7,26.900,0.368,3,8,South West,1230,410,25.000,0.333,0.015,0.0088,South West,0.1536,0.0002
2025-01-01,125,MITCHELL DENTAL CLINIC,73,13,15.100,0.178,6,17,South West,1230,410,25.000,0.333,0.059,0.0088,South West,0.1536,0.0006
2025-04-01,4,NAMBOUR DENTAL CLINIC,1774,122,6.400,0.069,14,43,Sunshine Coast,12104,786,6.098,0.065,0.147,0.0819,South East,0.6279,0.0119
2025-04-01,152,MS INNER BRISBANE CLUSTER,5674,223,3.800,0.039,26,77,Metro South,36577,1454,3.823,0.040,0.155,0.2476,South East,0.6279,0.0371
2025-04-01,154,NATHAN INALA CLUSTER,6817,221,3.100,0.032,31,94,Metro South,36577,1454,3.823,0.040,0.186,0.2476,South East,0.6279,0.0442
2025-04-01,156,KINGSTON LOGAN CLUSTER,6499,228,3.400,0.035,29,86,Metro South,36577,1454,3.823,0.040,0.178,0.2476,South East,0.6279,0.0423
2025-04-01,157,BEENLEIGH BEAUDESERT CLUS,11339,492,4.200,0.043,23,70,Metro South,36577,1454,3.823,0.040,0.310,0.2476,South East,0.6279,0.0744
2025-04-01,155,BAYSIDE CLUSTER,6248,290,4.400,0.046,22,65,Metro South,36577,1454,3.823,0.040,0.171,0.2476,South East,0.6279,0.0411
2025-04-01,131,CHILDERS DENTAL CLINIC,270,29,9.700,0.107,9,28,Wide Bay,11693,1082,8.470,0.093,0.023,0.0792,South East,0.6279,0.0019
2025-04-01,8,PALM BEACH DENTAL CLINIC,930,97,9.400,0.104,10,29,Gold Coast,9652,1429,12.896,0.148,0.096,0.0653,South East,0.6279,0.0065
2025-04-01,144,GC SOUTHPORT HEALTH PREC,7112,1190,14.300,0.167,6,18,Gold Coast,9652,1429,12.896,0.148,0.737,0.0653,South East,0.6279,0.0522
2025-04-01,10,ROBINA DENTAL CLINIC,1446,133,8.400,0.092,11,33,Gold Coast,9652,1429,12.896,0.148,0.150,0.0653,South East,0.6279,0.0099
2025-04-01,142,GCUH DENTAL CLINIC,164,9,5.200,0.055,18,55,Gold Coast,9652,1429,12.896,0.148,0.017,0.0653,South East,0.6279,0.0011
2025-04-01,2,CALOUNDRA DENTAL CLINIC,3426,202,5.600,0.059,17,51,Sunshine Coast,12104,786,6.098,0.065,0.283,0.0819,South East,0.6279,0.0228
2025-04-01,85,LAIDLEY DENTAL CLINIC,1832,70,3.700,0.038,26,79,West Moreton,11456,456,3.828,0.040,0.160,0.0776,South West,0.1584,0.0120
2025-04-01,84,BOONAH DENTAL CLINIC,396,22,5.300,0.056,18,54,West Moreton,11456,456,3.828,0.040,0.035,0.0776,South West,0.1584,0.0026
2025-04-01,52,GATTON DENTAL CLINIC,8,0,0.000,0.000,NULL,NULL,West Moreton,11456,456,3.828,0.040,0.001,0.0776,South West,0.1584,0.0001
2025-04-01,83,ESK DENTAL CLINIC,400,13,3.100,0.033,30,91,West Moreton,11456,456,3.828,0.040,0.035,0.0776,South West,0.1584,0.0026
2025-04-01,55,GOONDIWINDI DENTAL CLINIC,200,23,10.300,0.115,9,26,Darling Downs,10662,633,5.604,0.059,0.019,0.0722,South West,0.1584,0.0014
2025-04-01,45,KINGAROY DENTAL CLINIC,2416,92,3.700,0.038,26,79,Darling Downs,10662,633,5.604,0.059,0.227,0.0722,South West,0.1584,0.0158
2025-04-01,57,STANTHORPE DENTAL CLINIC,854,65,7.100,0.076,13,39,Darling Downs,10662,633,5.604,0.059,0.080,0.0722,South West,0.1584,0.0058
2025-04-01,65,ROMA HOSPITAL DENTAL CLIN,574,158,21.600,0.275,4,11,South West,1275,257,16.775,0.202,0.450,0.0086,South West,0.1584,0.0046
2025-04-01,124,INJUNE DENTAL CLINIC,12,1,7.700,0.083,12,36,South West,1275,257,16.775,0.202,0.009,0.0086,South West,0.1584,0.0001
2025-04-01,54,TOOWOOMBA DENTAL CLINIC,4864,301,5.800,0.062,16,48,Darling Downs,10662,633,5.604,0.059,0.456,0.0722,South West,0.1584,0.0325
2025-04-01,60,DALBY DENTAL CLINIC,774,48,5.800,0.062,16,48,Darling Downs,10662,633,5.604,0.059,0.073,0.0722,South West,0.1584,0.0052
2025-04-01,58,WARWICK DENTAL CLINIC,948,23,2.400,0.024,42,125,Darling Downs,10662,633,5.604,0.059,0.089,0.0722,South West,0.1584,0.0061
2025-04-01,56,INGLEWOOD DENTAL CLINIC,119,29,19.600,0.244,4,12,Darling Downs,10662,633,5.604,0.059,0.011,0.0722,South West,0.1584,0.0009
2025-04-01,53,MILES DENTAL CLINIC,487,52,9.600,0.107,9,28,Darling Downs,10662,633,5.604,0.059,0.046,0.0722,South West,0.1584,0.0034
2025-04-01,125,MITCHELL DENTAL CLINIC,81,0,0.000,0.000,NULL,NULL,South West,1275,257,16.775,0.202,0.064,0.0086,South West,0.1584,0.0005
2025-04-01,127,MUNGINDI DENTAL CLINIC,21,1,4.500,0.048,21,62,South West,1275,257,16.775,0.202,0.016,0.0086,South West,0.1584,0.0001
2025-04-01,160,ST GEORGE DENTAL CLINIC,81,12,12.900,0.148,7,20,South West,1275,257,16.775,0.202,0.064,0.0086,South West,0.1584,0.0006
2025-04-01,129,SURAT DENTAL CLINIC,13,13,50.000,1.000,1,3,South West,1275,257,16.775,0.202,0.010,0.0086,South West,0.1584,0.0002
2025-04-01,128,QUILPIE DENTAL CLINIC,29,1,3.300,0.034,29,88,South West,1275,257,16.775,0.202,0.023,0.0086,South West,0.1584,0.0002
2025-04-01,62,CHARLEVILLE DENTAL CLINIC,315,63,16.700,0.200,5,15,South West,1275,257,16.775,0.202,0.247,0.0086,South West,0.1584,0.0024
2025-04-01,63,CUNNAMULLA DENTAL CLINIC,116,6,4.900,0.052,19,58,South West,1275,257,16.775,0.202,0.091,0.0086,South West,0.1584,0.0008
2025-04-01,64,THARGOMINDAH DENTAL SERVI,16,0,0.000,0.000,NULL,NULL,South West,1275,257,16.775,0.202,0.013,0.0086,South West,0.1584,0.0001
2025-04-01,123,DIRRANBANDI DENTAL CLINIC,17,2,10.500,0.118,8,25,South West,1275,257,16.775,0.202,0.013,0.0086,South West,0.1584,0.0001
2025-04-01,87,IPSWICH DENTAL CLINIC,7371,272,3.600,0.037,27,81,West Moreton,11456,456,3.828,0.040,0.643,0.0776,South West,0.1584,0.0480
2025-04-01,86,COLLINGWOOD PARK DENTAL C,1449,79,5.200,0.055,18,55,West Moreton,11456,456,3.828,0.040,0.126,0.0776,South West,0.1584,0.0096
2025-04-01,107,CAPE YORK DENTAL CLINIC,471,48,9.200,0.102,10,29,Torres and Cape,726,156,17.687,0.215,0.649,0.0049,North,0.1440,0.0033
2025-04-01,25,MAREEBA DENTAL CLINIC,1106,106,8.700,0.096,10,31,Cairns and Hinterland,10058,878,8.029,0.087,0.110,0.0681,North,0.1440,0.0076
2025-04-01,21,MOSSMAN DENTAL CLINIC,519,61,10.500,0.118,8,25,Cairns and Hinterland,10058,878,8.029,0.087,0.052,0.0681,North,0.1440,0.0036
2025-04-01,23,ATHERTON DENTAL CLINIC,968,65,6.300,0.067,15,45,Cairns and Hinterland,10058,878,8.029,0.087,0.096,0.0681,North,0.1440,0.0065
2025-04-01,26,CAIRNS NTH DENTAL CLINIC,3363,105,3.000,0.031,32,97,Cairns and Hinterland,10058,878,8.029,0.087,0.334,0.0681,North,0.1440,0.0218
2025-04-01,27,SMITHFIELD DENTAL CLINIC,957,88,8.400,0.092,11,33,Cairns and Hinterland,10058,878,8.029,0.087,0.095,0.0681,North,0.1440,0.0066
2025-04-01,121,COLLINSVILLE DENTAL CLINI,37,5,11.900,0.135,7,22,Mackay,6771,622,8.413,0.092,0.005,0.0458,North,0.1440,0.0003
2025-04-01,13,BOWEN DENTAL CLINIC,938,75,7.400,0.080,13,38,Mackay,6771,622,8.413,0.092,0.139,0.0458,North,0.1440,0.0064
2025-04-01,120,CLERMONT DENTAL CLINIC,35,0,0.000,0.000,NULL,NULL,Mackay,6771,622,8.413,0.092,0.005,0.0458,North,0.1440,0.0002
2025-04-01,39,MACKAY DENTAL CLINIC,4677,392,7.700,0.084,12,36,Mackay,6771,622,8.413,0.092,0.691,0.0458,North,0.1440,0.0319
2025-04-01,38,PROSERPINE DENTAL,1084,150,12.200,0.138,7,22,Mackay,6771,622,8.413,0.092,0.160,0.0458,North,0.1440,0.0078
2025-04-01,19,CHARTERS TOWERS DENTAL CL,174,16,8.400,0.092,11,33,Townsville,3712,305,7.593,0.082,0.047,0.0251,North,0.1440,0.0012
2025-04-01,7,CABOOLTURE DENTAL CLINIC,6860,549,7.400,0.080,13,38,Metro North,22727,2084,8.400,0.092,0.302,0.1539,South East,0.6279,0.0466
2025-04-01,171,KALLANGUR SATELLITE CLINI,3457,236,6.400,0.068,15,44,Metro North,22727,2084,8.400,0.092,0.152,0.1539,South East,0.6279,0.0232
2025-04-01,88,ORAL HEALTH CENTRE,3822,632,14.200,0.165,6,18,Metro North,22727,2084,8.400,0.092,0.168,0.1539,South East,0.6279,0.0280
2025-04-01,46,GAYNDAH DENTAL CLINIC,369,44,10.700,0.119,8,25,Wide Bay,11693,1082,8.470,0.093,0.032,0.0792,South East,0.6279,0.0026
2025-04-01,44,HERVEY BAY DENTAL CLINIC,4560,482,9.600,0.106,9,28,Wide Bay,11693,1082,8.470,0.093,0.390,0.0792,South East,0.6279,0.0317
2025-04-01,51,BUNDABERG DENTAL CLINIC,3775,256,6.400,0.068,15,44,Wide Bay,11693,1082,8.470,0.093,0.323,0.0792,South East,0.6279,0.0253
2025-04-01,50,MONTO DENTAL CLINIC,65,9,12.200,0.138,7,22,Wide Bay,11693,1082,8.470,0.093,0.006,0.0792,South East,0.6279,0.0005
2025-04-01,89,STAFFORD DENTAL CLINIC,3169,193,5.700,0.061,16,49,Metro North,22727,2084,8.400,0.092,0.139,0.1539,South East,0.6279,0.0211
2025-04-01,94,SANDGATE DENTAL CLINIC,1812,178,8.900,0.098,10,31,Metro North,22727,2084,8.400,0.092,0.080,0.1539,South East,0.6279,0.0125
2025-04-01,47,MARYBOROUGH DENTAL CLINIC,2511,250,9.100,0.100,10,30,Wide Bay,11693,1082,8.470,0.093,0.215,0.0792,South East,0.6279,0.0174
2025-04-01,6,REDCLIFFE DENTAL CLINIC,3607,296,7.600,0.082,12,37,Metro North,22727,2084,8.400,0.092,0.159,0.1539,South East,0.6279,0.0245
2025-04-01,48,MUNDUBBERA DENTAL CLINIC,143,12,7.700,0.084,12,36,Wide Bay,11693,1082,8.470,0.093,0.012,0.0792,South East,0.6279,0.0010
2025-04-01,36,EMERALD DENTAL CLINIC,495,112,18.500,0.226,4,13,Central Queensland,8532,1173,12.087,0.137,0.058,0.0578,Central,0.0697,0.0038
2025-04-01,118,MT MORGAN DENTAL CLINIC,140,26,15.700,0.186,5,16,Central Queensland,8532,1173,12.087,0.137,0.016,0.0578,Central,0.0697,0.0010
2025-04-01,32,ROCKHAMPTON DENTAL CLINIC,3685,706,16.100,0.192,5,16,Central Queensland,8532,1173,12.087,0.137,0.432,0.0578,Central,0.0697,0.0276
2025-04-01,15,MORNINGTON ISLAND DENTAL,148,31,17.300,0.209,5,14,North West,610,57,8.546,0.093,0.243,0.0041,Central,0.0697,0.0011
2025-04-01,16,MT ISA DENTAL CLINIC,462,26,5.300,0.056,18,54,North West,610,57,8.546,0.093,0.757,0.0041,Central,0.0697,0.0031
2025-04-01,33,GLADSTONE DENTAL CLINIC,2523,107,4.100,0.042,24,71,Central Queensland,8532,1173,12.087,0.137,0.296,0.0578,Central,0.0697,0.0165
2025-04-01,42,CENTRAL WEST DENTAL CLINICS,1157,103,8.200,0.089,11,34,Central West,1157,103,8.175,0.089,1.000,0.0078,Central,0.0697,0.0079
2025-04-01,35,BILOELA DENTAL CLINIC,293,69,19.100,0.235,4,13,Central Queensland,8532,1173,12.087,0.137,0.034,0.0578,Central,0.0697,0.0023
2025-04-01,37,CAPRICORN COAST DENTAL,1396,153,9.900,0.110,9,27,Central Queensland,8532,1173,12.087,0.137,0.164,0.0578,Central,0.0697,0.0097
2025-04-01,20,TOWNSVILLE DENTAL CLINIC,2835,186,6.200,0.066,15,45,Townsville,3712,305,7.593,0.082,0.764,0.0251,North,0.1440,0.0190
2025-04-01,130,RICHMOND DENTAL CLINIC,6,0,0.000,0.000,NULL,NULL,Townsville,3712,305,7.593,0.082,0.002,0.0251,North,0.1440,0.0000
2025-04-01,81,HUGHENDEN DENTAL CLINIC,20,0,0.000,0.000,NULL,NULL,Townsville,3712,305,7.593,0.082,0.005,0.0251,North,0.1440,0.0001
2025-04-01,28,TULLY DENTAL CLINIC,679,93,12.000,0.137,7,22,Cairns and Hinterland,10058,878,8.029,0.087,0.068,0.0681,North,0.1440,0.0049
2025-04-01,30,EDMONTON DENTAL CLINIC,1408,161,10.300,0.114,9,26,Cairns and Hinterland,10058,878,8.029,0.087,0.140,0.0681,North,0.1440,0.0099
2025-04-01,24,INNISFAIL DENTAL CLINIC,1058,120,10.200,0.113,9,27,Cairns and Hinterland,10058,878,8.029,0.087,0.105,0.0681,North,0.1440,0.0074
2025-04-01,14,AYR DENTAL CLINIC,296,51,14.700,0.172,6,17,Townsville,3712,305,7.593,0.082,0.080,0.0251,North,0.1440,0.0022
2025-04-01,17,INGHAM DENTAL CLINIC,381,52,12.000,0.136,7,22,Townsville,3712,305,7.593,0.082,0.103,0.0251,North,0.1440,0.0027
2025-04-01,150,TORRES STRAIT DENTAL CLINIC,255,108,29.800,0.424,2,7,Torres and Cape,726,156,17.687,0.215,0.351,0.0049,North,0.1440,0.0023
2025-04-01,1,KAWANA DENTAL CLINIC,2919,196,6.300,0.067,15,45,Sunshine Coast,12104,786,6.098,0.065,0.241,0.0819,South East,0.6279,0.0196
2025-04-01,3,GYMPIE DENTAL CLINIC,2360,169,6.700,0.072,14,42,Sunshine Coast,12104,786,6.098,0.065,0.195,0.0819,South East,0.6279,0.0159
2025-04-01,5,NOOSA DENTAL CLINIC,1625,96,5.600,0.059,17,51,Sunshine Coast,12104,786,6.098,0.065,0.134,0.0819,South East,0.6279,0.0108
